Mod,likes,downloads,time,unique_dl,views
37330,47,798,1707,702,8419
1457,302,4496,3601,3598,39391
43369,11,143,326,125,3205
3882,1177,22945,3467,18578,186110
1601,3,72,3561,66,2470
1621,25,514,3559,465,10871
43400,16,180,301,159,3112
43520,80,1155,232,869,7742
43245,3,18,437,9,1279
42244,49,947,1142,664,15325
1371,2,145,3664,90,7568
6010,11,283,3371,237,3025
42261,14,271,1117,218,4041
30047,27,462,2080,414,3954
35932,24,476,1790,431,4860
12651,5,109,3001,92,2258
39367,12,219,1571,177,3863
6026,4,142,3371,125,7514
22551,296,11594,2449,9585,28033
42173,27,702,1212,623,5471
43321,0,33,368,23,1187
42016,6,102,1293,81,2952
11905,38,978,3042,873,15118
41626,222,4942,1361,4092,40363
43218,36,331,449,276,3959
40031,29,363,1530,322,7003
31635,727,17644,1997,13273,121298
22051,24,508,2475,429,8696
999,2,72,3814,66,3967
24454,6,97,2360,92,2340
21113,54,1461,2529,1241,11074
43582,3,76,192,48,1480
12737,293,4670,2996,3819,31811
33973,339,4490,1898,3427,18876
22047,4,184,2475,154,3610
43594,7,47,184,38,889
1199,6,192,3745,157,5391
6589,14,809,3348,501,10970
1425,178,4373,3621,3833,27265
21710,143,2602,2493,2073,16782
1545,148,3192,3572,2823,31412
43165,12,148,336,106,4359
43705,8,59,129,48,719
36017,10,180,1784,139,2408
43668,2,34,143,21,1215
43644,15,93,152,81,2969
15595,14,355,2801,284,4170
27458,111,2189,2219,1744,18742
43637,0,62,158,45,856
43195,55,856,470,601,5986
22932,45,1170,2430,1028,16692
42911,10,147,705,92,2396
5446,6,233,3399,207,4066
43478,12,153,259,116,2000
43203,4,92,462,62,1471
6099,4,327,3368,289,6849
43082,14,88,584,78,2700
43129,95,1321,514,931,15102
36876,24,445,1734,399,5032
33432,205,2908,1918,2443,32569
42675,39,512,797,371,3412
34588,270,46943,1874,40251,54146
23714,77,1294,2393,1058,8547
1619,4,166,3559,145,3999
43075,106,7141,593,5599,12093
22587,97,2447,2448,2019,10598
42122,4,202,1272,178,4643
42344,107,1409,1040,1091,16874
1125,2,45,3773,40,2957
43327,185,2788,359,1945,14916
38170,848,18721,1650,15754,64980
42517,17,175,897,150,4084
30633,2,71,2047,59,2874
43526,3,49,229,33,1311
43701,4,39,130,31,845
42389,15,168,1013,133,5675
35094,130,2900,1846,2458,30719
1426,169,3823,3621,3360,29278
41332,41,597,1403,515,5211
42082,1,43,1281,41,3730
6095,7,123,3368,115,1668
38822,24,287,1605,244,3514
36945,8755,191878,1731,126802,1014123
43463,87,1252,270,919,7869
41317,50,615,1405,538,14494
30152,26,454,2075,409,3885
12735,12,203,2996,136,2806
1008,12,199,3812,179,7008
8517,15,338,3225,314,3819
22617,10,248,2447,206,2825
21377,147,3297,2513,2756,10858
42582,253,3993,829,3151,23185
1540,44,637,3572,516,10244
991,25,405,3816,357,9152
42291,90,2325,1093,2000,21782
1699,6,134,3541,107,3479
39938,0,30,1537,27,2069
39450,6,192,1567,167,3836
20028,6,170,2589,151,2980
43505,5,86,239,69,1645
15504,38,1064,2806,968,17539
43523,18,152,230,122,1546
32196,13,348,1968,299,4967
21528,161,3111,2504,2504,23820
25746,5,130,2301,112,2828
576,10,203,4286,178,8152
42658,133,2203,803,1522,15466
7960,6,144,3265,126,3703
1122,13,219,3773,195,7772
33380,5,305,1920,278,5903
42111,56,927,1276,816,10842
42936,10,99,689,68,1312
13971,38,522,2900,440,6617
7147,4,94,3320,83,3401
42993,5,240,665,204,1999
36991,8,200,1728,171,5895
40277,6,53,1515,41,2066
42394,4,53,1012,47,1971
43061,3,40,601,30,1450
31942,141,6267,1982,5295,45324
43054,17,260,611,123,4268
24666,63,1455,2349,1240,20660
27457,95,1616,2219,1304,7834
42915,4,48,705,35,2657
24048,3,124,2378,112,2148
6151,7,261,3367,230,3453
43464,32,642,270,554,10671
5543,31,799,3395,727,19850
43381,21,295,315,199,4261
42521,217,2688,895,2232,16149
36220,2,42,1771,36,2961
43676,5,70,139,46,896
19139,8,196,2636,176,2484
42483,143,1884,924,1533,16661
1788,4,189,3511,159,2865
43196,51,698,466,461,7905
43260,24,242,424,152,3508
42423,8,91,381,75,2254
39836,13,236,1545,198,5303
18104,9,348,2679,317,4485
43022,53,762,640,592,5952
28122,12,491,2181,379,10220
24392,1,55,2362,47,2158
43301,5,51,388,35,1777
15234,128,3158,2818,2492,27605
43887,0,36,13,43,730
39348,261,8021,1572,6696,27491
9768,16,189,3151,170,3061
43267,47,560,418,425,3670
43427,2,56,292,29,1252
1003,72,1547,3813,1293,24376
28771,5,173,2143,149,4503
43847,2,9,39,5,313
21639,14,542,2498,464,9761
43139,33,462,500,343,3342
43034,33,547,631,409,5641
43608,12,143,175,106,3210
1476,3,101,3594,75,4044
42629,115,2355,815,2080,18218
42314,13,456,1073,391,5199
37805,8,190,1675,159,3934
1420,59,1073,3621,957,6753
43288,121,1486,404,1185,12599
42283,27,308,1100,208,6467
7391,20,306,3307,279,3584
7389,36,1198,3307,738,7376
35845,18,241,1797,193,3922
1099,10,254,3779,230,6155
1597,2,70,3562,54,3453
43428,13,202,291,156,3772
21670,27,579,2496,514,4908
1233,10,146,3740,129,4067
42109,11,128,1276,104,3660
23195,4,201,2419,173,4789
3899,20,343,3467,285,8356
13218,32,736,2959,647,5966
29570,21,389,2103,333,3243
28063,54,719,2184,637,6892
6006,3436,131063,3371,101629,447307
4024,8,203,3462,175,5255
34621,15,257,1872,201,4300
36873,3906,90721,1734,66120,290479
43561,13,139,211,103,2268
43895,1,8,7,19,627
42934,55,1092,690,700,10877
7486,1,866,3302,396,1934
38353,19,345,1636,298,3932
23870,2,103,2386,93,8177
14646,4,156,2853,130,4276
19638,15,165,2611,134,2396
3611,143,1934,3473,1652,15451
42584,8,113,828,93,2420
24391,10,313,2362,224,4033
3970,0,773,3464,332,2504
7407,8,173,3306,155,3039
1790,4,135,3510,118,3527
42919,77,1088,704,770,7834
23743,6,103,2392,94,2642
43069,96,1174,599,1028,10613
42288,10,160,1097,144,3308
43367,23,455,327,318,5007
42300,403,5972,1083,4463,48048
19600,49,1630,2613,1380,6193
16829,8,273,2742,234,3188
43813,3,50,59,37,574
37488,20,288,1696,232,3540
43059,4,50,601,40,2432
43086,53,601,581,508,4715
42329,6,166,1056,143,2828
1315,9,485,3704,436,19286
12795,2,325,2993,189,2790
43386,18,384,309,259,3877
43698,3,49,132,36,1000
40620,10,282,1483,235,5818
43057,418,5961,606,4740,30243
17379,67,1111,2711,982,7134
42133,7,96,1264,78,3637
1036,15,238,3798,203,6765
1025,4,70,3802,61,3193
11984,6,272,3038,174,5552
42221,8,121,1154,88,1634
1369,6,215,3667,178,5594
14887,138,2550,2837,1920,16073
43232,83,780,445,583,4124
43087,525,6535,581,5168,31459
43764,2,78,97,55,614
42523,211,2477,895,2036,14294
42110,2,51,1276,44,1565
15451,10,364,2809,326,5228
43197,38,441,466,321,3276
42575,1621,42008,848,34971,145836
20505,2,111,2565,100,2376
1642,6,212,3552,192,3620
14627,2,111,2855,89,3213
43215,7,57,453,39,1938
18159,25,397,2677,353,5110
43015,130,1960,649,1570,9622
1110,17,331,3776,284,6174
43148,32,1508,494,997,3912
42935,96,1282,690,965,16331
42940,16,167,684,120,3226
43039,1329,33402,624,23768,174923
28519,330,6054,2157,5199,20532
41733,31,433,1343,383,7130
27024,6,80,2245,66,2716
1480,0,21,3594,17,1619
8848,9,251,3204,235,4999
42466,13,197,938,165,2754
1633,15,263,3555,215,20703
14889,46,673,2837,551,7503
43302,5,82,388,46,1701
1095,2,53,3782,48,4280
27221,5,292,2234,251,5378
43137,5,37,502,23,4131
36711,109,1624,1745,1461,15248
29469,20,794,2107,611,13745
42879,2,59,712,39,1414
1603,3,129,3561,117,3983
42433,22,456,978,355,6441
42529,5,121,891,86,5195
43811,0,66,60,25,1150
42413,24,193,1000,159,5084
43352,68,605,340,494,5771
28860,0,37,2138,30,2029
1598,3,99,3562,87,2577
42421,4,83,991,66,3309
42223,7,138,1154,119,4230
1538,4,165,3572,139,4811
43160,3,83,488,48,3064
13779,4,218,2917,194,4161
5408,6,43,3401,33,4082
43836,5,60,45,46,672
43497,6,50,246,36,1285
40193,38,595,1521,492,10400
42822,10,201,734,131,5509
26259,42,644,2278,538,4182
37130,11,138,1719,124,3526
42178,2,72,1210,58,2608
23388,1164,19815,2409,16077,103246
24341,10,84,2365,68,2450
43025,21,278,636,201,4008
6704,2,54,3344,46,1978
43756,5,31,107,29,1222
8018,16,473,3261,439,5280
43610,5,46,174,32,1059
43724,1,32,89,31,1069
43021,39,421,642,355,4601
42480,139,1933,925,1707,19816
43378,5,127,316,86,2425
42998,24,375,664,290,5860
7430,0,49,3304,42,1978
43347,16,144,342,111,3137
23886,8,216,2386,187,8252
1747,5,86,3525,74,2254
43795,13,400,74,310,3304
42129,19,476,1270,400,7250
43189,20,239,474,165,3650
43234,453,6243,444,4769,36486
42200,22,208,1182,159,32216
22024,33,721,2476,542,7601
43310,18,520,378,388,3226
1650,2,90,3549,71,3158
42943,2,58,682,38,2339
1651,6,0,3549,0,6662
3877,8,152,3467,121,4981
23365,12,121,2410,96,2154
17872,3,176,2691,157,4614
42166,14,267,1217,194,3773
43099,2,40,566,32,1990
43875,0,10,19,9,282
43822,4,50,54,29,763
42380,33,536,1016,441,6276
42406,349,7421,1006,6083,33670
8380,224,4481,3233,3842,71438
43829,2,110,48,77,889
1113,64,1678,3776,1503,30171
42642,10,134,810,84,2534
1555,56,12904,3569,5384,8073
43816,8,68,58,56,929
21855,12,338,2487,298,5792
42262,2507,43510,1115,36616,170961
28774,596,18907,2143,14607,54370
2678,249,10037,3491,6520,40510
27566,13,484,2212,406,2607
43482,7,86,257,62,1398
37590,4,137,1690,120,2292
6122,19,564,3368,509,15842
8041,24,430,3254,390,6540
6064,5,113,3369,99,3000
7118,4,301,3322,251,5185
14680,5,296,2851,255,5490
944,26,758,3831,674,15907
43406,86,907,300,754,6972
14352,3,105,2874,96,6796
6210,14,608,3365,546,15424
22956,16,310,2429,258,6371
42900,8,130,712,81,2979
23200,3,71,2419,67,3204
41238,16,297,1418,220,4241
35353,39,1959,1832,1672,21081
6102,28,812,3368,600,8837
31012,197,3226,2031,2832,17826
43694,3,45,133,42,1362
43098,110,1462,566,1123,8190
43184,39,381,476,294,4347
42171,38,926,1214,792,7514
6107,13,348,3368,238,5328
28830,45,960,2140,843,21750
42268,27,476,1111,345,8743
974,20,754,3823,669,11122
39741,27,685,1551,572,7715
42393,3,218,1012,177,4462
43700,0,21,130,13,417
27588,2043,47296,2211,31723,175374
43116,31,257,543,197,3222
9407,59,2785,3170,2092,20459
5946,11,259,3374,208,5291
33402,2,37,1919,30,1936
42988,71,966,675,731,5080
14890,9,208,2837,168,3800
16830,14,256,2742,220,3889
42324,136,2528,1064,2183,31794
23219,113,4005,2417,3257,15838
29866,6,138,2088,121,3169
16176,18,393,2776,315,5169
1605,6,96,3561,80,3373
43212,55,578,457,347,4109
43046,18,219,617,153,3073
43658,13,257,122,200,3578
1672,68,1020,3543,914,16517
29479,12,197,2107,158,8142
28768,2,106,2143,85,3110
42673,154,1501,798,1237,14277
43187,59,616,475,443,5711
1663,1,78,3546,70,3082
1665,5,207,3545,185,5413
1112,41,1267,3776,1146,20249
14164,4,142,2889,118,2874
35750,2,154,1804,125,4446
42479,13,233,926,188,4195
42411,7,114,1003,82,3562
1612,19,429,3560,378,7460
42565,5,77,865,61,1992
43577,4,53,196,39,913
11662,30,468,3053,381,6160
22382,4,186,2459,171,3015
41728,10,229,1345,206,5302
43551,7,103,217,68,889
3906,167,2979,3466,2492,33212
43834,0,7,47,7,220
18825,4,200,2647,182,4984
43158,2,49,489,41,1561
10031,10,272,3138,247,5041
41784,229,3855,1332,3262,28794
43491,0,15,251,14,1034
42135,1,188,1259,154,3146
27312,67,1207,2229,968,12217
29862,5,62,2088,46,2194
39122,110,2048,1586,1641,13879
27765,205,6753,2201,5692,20128
11904,47,1467,3042,1292,27062
1599,2,68,3561,58,3060
43747,8,143,110,119,2478
1700,72,1324,3541,1198,19654
42477,8,183,928,131,7701
37072,178,3199,1723,2794,18560
40967,103,1397,1452,1187,11587
14894,86,2066,2837,1460,23107
12333,6,206,3019,177,7543
12335,20,409,3019,357,5732
1203,19,727,3744,667,15166
43848,1,35,39,28,975
42301,80,1004,1083,815,7428
3867,247,22106,3468,13401,58348
16114,10,140,2778,118,2288
37007,55,1380,1727,1125,13536
43118,65,554,539,440,9428
42549,50,500,882,395,9229
43119,112,1042,528,779,6558
22575,3,63,2448,50,2491
39605,232,4234,1557,3084,25112
1129,12,188,3773,176,5430
14156,6,445,2889,349,7687
42160,55,585,1222,518,6442
27167,0,134282,2237,107933,256525
27358,5,111,2226,102,3503
43006,72,600,655,483,9109
7205,4,159,3317,138,2730
6127,30,572,3368,488,6109
42146,109,2216,1238,1974,15804
33271,9,142,1924,121,4366
37795,846,18651,1676,14844,161593
24298,10,429,2366,347,7727
43173,0,32,480,25,1381
42860,199,2311,716,1879,15772
28849,17,337,2139,292,8660
1512,6,199,3588,183,5601
27117,1,127,2241,115,3548
42586,182,1953,827,1600,12134
24229,0,56,2370,49,2727
42092,39,838,1281,706,14932
31904,9,200,1984,173,3071
43305,17,292,382,196,5233
43791,4,57,79,50,1234
14288,23,559,2879,465,12735
43134,33,377,511,265,3973
23060,2,29,2425,27,2126
43002,19,161,661,115,2423
30387,17,550,2061,436,6296
6100,45,1881,3368,1494,21995
43447,36,607,277,552,5123
8012,8,170,3261,159,3217
43556,5,66,212,56,2242
7968,32,551,3264,482,3739
42481,5,90,925,56,3544
42239,61,950,1146,769,7168
1050,13,602,3792,550,8278
9589,1,98,3159,92,3314
30669,163,3391,2045,2936,14476
43425,11,208,293,161,2678
42444,23,302,962,261,4922
43808,1,13,61,10,386
10444,171,3608,3119,3247,37431
42027,17,188,1292,162,7374
25770,199,5390,2300,4260,26627
43591,20,349,186,308,4725
42989,81,1278,675,885,7413
43081,357,4066,587,3323,22833
38272,35,731,1643,645,5221
567,9,343,4282,309,14185
43001,721,13091,661,10544,39475
7626,3,122,3293,111,3897
1427,223,4189,3621,3369,44256
2252,23,804,3498,730,20792
40054,2,63,1529,49,1498
43414,28,275,296,230,2408
1667,56,909,3544,738,8438
42234,72,1061,1148,866,13162
43733,14,123,115,96,1241
43603,80,928,178,776,6813
34013,23,253,1897,201,4073
43154,167,2175,490,1718,10395
38480,3,71,1629,60,3283
6131,4,117,3368,96,2876
43210,8,110,457,84,1927
43476,0,30,260,26,1105
43281,12,159,407,130,2187
34364,4,130,1885,108,4481
42471,8,113,933,95,2481
42096,63,897,1281,634,9816
7143,4,68,3320,43,1616
27239,32,483,2233,403,8661
7390,3,66,3307,52,1910
9029,3,65,3195,55,1630
1708,2,35,3539,32,3305
31355,17,265,2013,244,4939
25775,7,310,2300,273,6985
40111,11,238,1526,181,4092
43250,1,22,432,16,1097
37010,130,2337,1727,1921,19194
15313,42,1490,2814,1323,9155
42826,1,41,733,21,1398
42238,248,3801,1147,3017,24662
15457,8,191,2809,181,5484
28421,3,109,2164,89,5808
43717,0,17,122,13,680
41584,21,492,1367,428,12993
26088,5,317,2286,298,9000
21948,48,606,2481,520,6418
43169,7,95,480,57,2007
1033,41,780,3800,646,9622
42802,17,211,738,149,4773
42431,226,4057,980,3227,19459
42042,72,966,1289,845,10793
39318,4,114,1573,96,3901
43611,6,48,173,38,1314
41799,37,662,1329,544,14864
43360,11,125,333,109,2393
42407,150,2474,1006,1987,15956
1191,32,458,3747,404,9211
36621,20,365,1750,294,6256
43893,3,54,9,76,674
42448,304,5211,957,4118,35529
17614,0,46,2700,41,1598
42375,18,227,1018,182,5160
37963,38,806,1664,702,6957
21837,33,705,2488,605,4063
38773,94,1372,1608,1117,11623
43544,62,906,220,714,6550
10152,3,123,3132,109,3193
43877,0,8,16,5,345
1638,7,88,3553,82,2823
40760,15,200,1470,177,4910
7916,1,146,3270,134,3662
43150,16,163,493,141,3484
43424,88,1151,293,938,4736
43820,2,23,54,17,867
14257,8,228,2882,190,4118
38528,14,302,1625,243,4749
36812,27,560,1739,496,7252
1590,20,305,3563,274,8998
1430,152,2557,3621,2054,30000
43264,5,104,421,80,2353
1469,2,67,3595,55,1861
3870,114,1814,3467,1467,14409
21372,48,1059,2513,882,9384
42150,4,126,1236,100,3367
43380,237,4248,316,3530,21951
43067,11,134,600,96,2929
42220,4,94,1156,79,2008
42648,13,113,808,83,3409
37468,16,320,1698,247,5760
7826,28,837,3279,741,12935
31248,20,284,2019,233,7359
43492,0,14,251,11,710
1562,3,88,3567,80,2818
6207,1,110,3365,104,3054
42867,3,140,713,82,2010
43619,7,73,166,39,1412
42667,5,62,800,50,1765
42276,0,0,1103,0,4937
18927,8,272,2644,235,5512
8740,9,317,3211,294,9468
42952,127,2045,678,1522,7412
1444,2,68,3619,58,2382
1756,20,2234,3521,1029,4439
30788,185,5533,2040,4759,20897
31940,15,326,1983,290,4949
43809,1,64,60,59,694
42418,42,833,997,691,6886
37206,25,545,1714,455,6395
8019,1,71,3261,66,5133
34076,1,55,1895,48,2448
27969,11,276,2189,240,4451
27280,114,1705,2231,1406,14632
1725,7,207,3533,190,7002
5754,8,535,3384,470,9189
18343,27,936,2668,848,7805
22532,18,359,2450,303,5518
43882,4,39,13,32,336
42251,105,1906,1139,1618,20120
1479,17,449,3594,339,3305
22286,50,1087,2463,897,6041
27860,18,371,2196,306,4987
40204,119,2665,1520,2352,22747
22868,4,160,2434,136,6538
43474,11,307,263,170,4589
29480,13,330,2107,296,9397
42232,5,198,1149,138,3453
33316,6,231,1923,179,6752
39279,6,171,1576,147,3848
43535,42,334,223,259,4160
42340,63,1642,1048,1253,13716
43704,1,83,129,49,1639
42668,22,403,800,322,6636
43142,0,29,500,21,1254
22442,8,195,2456,147,3088
8303,7,264,3239,215,3404
43190,34,510,474,359,3147
18155,0,19,2677,17,2383
42469,52,717,933,548,5356
1957,18,1283,3503,1017,11531
42118,108,1527,1274,1294,17721
42659,0,37,802,26,2009
43534,2,24,223,22,1010
42937,4,153,687,115,5041
42141,6,151,1246,124,5489
42105,2,95,1279,75,2922
42464,17,161,939,145,5987
43782,3,65,85,49,1112
1080,33,884,3784,771,14722
33217,4,48,1926,41,2252
43365,78,1804,328,1305,15901
43091,221,2211,575,1810,14255
11991,2,123,3037,99,2779
43348,108,1389,341,1123,10304
43620,101,1049,165,747,10050
26557,4,113,2264,102,3044
43585,0,10,190,6,935
43132,4,88,512,69,1703
43271,6,74,413,57,2426
6128,6,206,3368,177,5180
23183,56,1293,2420,1042,17666
43580,4,51,194,39,811
32628,41,990,1950,793,15939
42295,29,535,1092,441,13069
23875,8,315,2386,267,7281
43784,1,30,84,11,699
1717,21,368,3535,303,5780
43707,3,56,128,49,1024
42888,5,67,712,57,2633
16326,2,169,2768,135,2491
42559,11,154,871,117,5909
42660,2,20,802,15,1492
42265,19,325,1113,240,3832
42427,4,27,983,24,2032
42385,19,514,1013,387,5320
26348,299,16728,2274,12546,82571
43300,15,226,388,183,2569
8715,23,647,3212,544,6761
43411,27,410,297,313,6321
25542,1,71,2311,60,4102
27848,1,80,2197,65,2158
42339,33,390,1049,323,7405
25376,2,82,2319,73,2811
29985,46,829,2083,714,6662
23346,290,5297,2411,4152,15780
5056,34,2187,3421,1058,11682
25731,4,212,2302,186,4160
9806,0,83,3148,70,4402
28293,85,2961,2171,2490,20635
541,11,258,4281,221,6154
30803,2,61,2039,55,1519
1207,47,779,3743,714,6313
30917,45,1156,2035,970,8010
43461,38,539,277,396,5359
43175,83,1047,479,789,12222
8670,2,123,3215,114,3796
43865,0,11,29,11,391
43133,117,1468,512,1109,11563
43042,0,0,622,0,1203
41030,0,0,1447,0,2220
43606,34,435,177,354,2949
36406,1830,32318,1762,26470,121103
42270,411,5949,1110,5138,34788
43388,6,84,307,75,2321
30818,9,488,2038,425,9073
38626,102,1591,1617,1402,21622
43012,67,1843,651,1415,8584
43866,2,13,28,11,243
42622,6,146,817,103,2375
42650,1,47,806,30,1754
3612,55,883,3473,733,11227
31868,1,49,1986,38,2249
37885,31,941,1669,824,6718
43180,20,247,476,165,3264
35815,2,155,1798,137,6411
42457,5,136,950,95,2812
41717,64,1063,1346,916,19217
42619,29,446,818,312,4827
28254,85,2231,2173,1894,49559
39828,3,84,1545,75,4351
30186,476,12862,2072,10883,56735
1766,40,694,3517,591,8694
11325,34,1281,3071,681,9097
6036,23,574,3370,496,7028
28284,2,124,2172,111,2965
42097,108,1687,1281,1450,9482
21939,11,226,2482,194,5311
43328,4,54,358,43,2036
42495,55,618,912,518,3767
5864,5,148,3378,122,6035
37435,39,472,1700,371,7799
32887,525,15589,1939,13179,56779
25670,5,123,2304,109,9802
8537,106,2951,3223,2181,14474
38391,81,819,1634,677,6677
19602,237,4467,2613,3676,29449
6097,7,186,3368,137,2774
1566,2,50,3567,44,1861
42140,7,131,1248,102,2428
42168,7,78,1216,70,7471
33426,124,2649,1919,2241,15345
43696,5,69,132,45,958
19467,60,1495,2619,1295,7949
43760,3,21,101,17,683
30791,176,4694,2039,3748,31883
20998,1,137,2534,120,2559
27069,76,1242,2243,1064,14746
33854,60,1249,1902,1061,11321
42005,28,426,1295,347,6431
43780,0,10,87,7,666
40439,73,1150,1499,952,7965
35580,72,1421,1817,1155,11067
25411,15,455,2317,397,4715
11040,9,219,3086,190,5202
42099,140,3284,1280,2617,12722
24857,19,414,2341,361,3615
2257,37,878,3497,722,13167
38449,10,262,1630,221,4514
6123,15,546,3368,492,15050
42114,2,64,1275,56,1556
1632,4,89,3555,73,2578
15455,1,57,2809,49,1738
29969,15,211,2083,176,3996
1073,17,257,3788,210,5984
27550,4,56,2213,51,1488
1208,4,148,3743,133,5918
1550,12,178,3571,152,6251
36373,38,722,1763,619,6722
3105,4,282,3483,181,3048
40958,11,265,1453,241,7379
18689,3,117,2653,99,2455
42089,14,185,1281,152,2421
23363,298,5218,2410,4112,18038
3881,194,3413,3467,2891,32985
43639,3,58,156,43,1573
1613,62,2063,3560,1804,11012
29602,26,458,2102,400,3655
34453,4,149,1881,117,6713
1214,4,161,3743,138,4897
28259,15,447,2173,359,7355
23107,69,1619,2423,1413,16076
35793,0,52,1800,42,1843
42162,30,325,1221,258,2723
43233,44,328,444,241,2364
43204,36,425,462,303,5081
26581,14,229,2264,190,3972
23391,7,179,2409,162,4886
1011,18,261,3811,241,5695
32693,27,605,1947,473,8679
1750,6,92,3524,76,2314
43225,50,538,447,370,5840
37362,3,174,1705,140,5283
8146,5,407,3250,185,2133
43274,3,63,411,35,2035
34186,10,146,1892,124,3132
22139,28,630,2470,548,8943
43231,24,359,446,264,4324
42330,48,670,1055,515,9781
32872,1,54,1939,47,3144
1731,6,193,3530,156,4980
43185,58,908,475,626,7395
36455,2,98,1760,80,9659
43374,27,368,320,236,3370
42080,833,15769,1282,12647,77735
18982,61,1390,2642,1106,9448
12105,2,45,3032,37,1798
41298,160,2648,1407,2237,25786
28213,668,10723,2175,8033,37456
19028,22,883,2640,760,8330
21345,76,1310,2515,1103,8175
20928,24,442,2539,358,6551
42259,16,139,1124,107,3209
43573,13,139,201,104,1156
40075,0,317,1528,289,6538
42155,237,6856,1228,5259,87858
6047,35,921,3370,785,10762
30210,7,321,2071,272,5677
29695,3,160,2096,138,3589
43654,5,116,132,100,1319
38296,14,298,1641,227,4616
42359,135,2033,1025,1457,16788
35751,3,72,1804,64,3568
33153,8,310,1928,258,7261
42731,17,1251,774,902,6005
4614,1,86,3441,72,1799
43120,319,4088,527,3262,23852
43115,12,141,544,102,3870
1544,18,441,3572,394,9827
1283,7,193,3721,171,4710
27057,6,89,2244,77,2436
1698,5,138,3541,119,3394
6098,17,548,3368,413,4561
1526,6,142,3581,123,3483
43483,2,89,257,63,1659
42601,13,194,823,149,3956
42500,11,216,908,178,2449
19727,15,262,2606,229,3784
43814,5,82,59,52,1042
1664,3,44,3545,39,1792
20872,186,3695,2543,2704,17113
43063,3,77,601,56,3132
42289,2,62,1095,45,2613
43569,0,139,1601,108,3485
12231,8,235,3025,196,3214
43422,102,1464,293,1184,4853
23089,4,108,2424,97,3066
582,12,284,4285,247,17855
43090,42,661,578,451,5843
33268,217,2466,1924,1889,16355
43066,20,269,600,213,3936
38369,288,9352,1636,7460,31652
43806,35,571,62,512,8708
39125,193,3005,1586,2564,18199
43415,1,19,296,15,766
958,42,754,3827,642,19585
6744,3,49,3342,36,1819
7958,14,2870,3265,1241,6871
21156,277,10589,2525,9125,42233
43455,3,54,277,40,1427
19867,13,196,2598,171,3601
26913,12,323,2248,298,3572
22441,15,172,2456,133,2329
12957,42,1183,2983,1064,11656
43841,2,27,41,22,578
27132,2,125,2239,118,1925
34480,8,146,1880,127,3600
38912,13,324,1600,296,8773
28275,3,96,2172,81,2410
34180,39,427,1892,344,3397
28884,1,30,2138,25,1348
42463,12,218,939,173,2660
18926,5,134,2644,115,2928
34296,3,132,1888,106,3386
42240,46,714,1146,561,8676
24777,11,153,2345,139,2113
10169,9,153,3132,141,4759
17639,11,307,2699,257,2563
42250,39,552,1140,466,7483
43358,25,292,335,205,3018
20491,68,2415,2566,2136,15948
38171,28,382,1650,263,5356
39337,9,217,1573,197,8131
5671,13,954,3388,524,3855
1065,57,1469,3790,1266,17748
30766,7,109,2040,92,1852
43375,196,4278,320,3154,36886
43675,8,113,139,103,1840
1602,3,72,3561,68,2657
6209,9,208,3365,181,6140
1076,21,789,3787,723,14875
37602,2,143,1689,122,4036
32579,5,245,1952,178,7138
43630,5,120,159,63,1568
43199,15,163,465,124,5555
21886,10,267,2484,223,7280
1499,3,121,3592,106,3706
11058,0,335,3085,175,2307
1107,4,103,3777,93,6301
43125,16,109,521,96,2646
937,18,2938,3832,1341,11179
982,6,171,3820,161,6945
42784,144,1325,750,1032,8258
1313,4,223,3704,203,4963
1567,4,65,3567,60,2340
22666,10,296,2444,268,5849
42901,3,82,712,45,3170
43314,2,44,375,34,1517
43640,10,294,3816,256,25773
29713,83,1384,2096,1171,11705
6031,50,1209,3370,1004,19867
1282,5,163,3722,143,4544
15840,1,69,2791,58,1544
42574,4,48,848,41,4339
43341,137,2007,348,1623,15929
43884,1,28,13,33,322
42834,114,1176,726,918,12486
43527,51,565,229,428,4915
43757,4,64,107,54,1877
1694,31,703,3541,547,7149
41052,21,293,1444,242,4516
1219,24,510,3743,422,11619
6163,2,3439,3366,1320,4540
42272,9,259,1109,198,4903
43452,1,50,277,39,886
43024,13,174,637,119,3975
1196,7,189,3746,167,5869
43622,8,99,161,65,1167
43709,1,21,127,13,556
42602,4,92,823,73,3176
36520,10,195,1756,155,3312
12960,38,1024,2983,923,10641
38967,5,168,1596,141,3589
27503,4,139,2216,117,2152
37576,34,926,1690,760,15650
40494,31,680,1494,511,8611
3917,24,709,3466,647,13395
1220,3,124,3743,107,5364
14678,2,87,2851,75,2964
38352,67,1534,1636,1250,11515
28889,24,1203,2137,918,10662
27420,13,249,2222,197,4328
19717,64,1996,2607,1711,16669
43889,0,3,13,1,100
43481,40,377,258,290,2976
43398,3,57,302,43,1262
28891,26,384,2137,314,3749
1787,15,311,3512,281,8683
28890,4,117,2137,95,2777
25630,209,2886,2306,2363,13098
583,1,68,4338,61,4050
43575,16,195,198,177,3002
23986,187,3638,2380,3003,12492
19743,12,202,2605,169,3110
1045,7,197,3793,175,5469
43402,1,39,301,33,795
1217,17,216,3743,185,3768
37977,70,1791,1662,1509,24568
42343,440,5994,1043,5056,32957
43612,7,101,173,87,1500
27890,16,176,2194,152,3195
43679,1,17,138,8,465
43466,9,99,270,57,1354
42528,50,765,891,605,6838
39956,18,458,1535,385,4124
21375,40,779,2513,688,4732
23292,15,368,2414,315,4614
6363,8,182,3358,160,3671
1779,13,276,3514,239,4091
43824,2,23,52,21,556
42333,163,2122,1052,1762,43512
29388,165,3018,2111,2566,36262
33185,6,130,1927,103,2636
42415,16,367,998,277,9631
6928,51,1227,3333,907,10223
18789,1,95,2649,81,3260
29579,22,323,2102,241,5380
43035,75,833,630,504,5760
1777,28,603,3515,492,8876
5583,2,894,3393,595,5939
1680,1,58,3542,51,1788
43404,2,47,301,30,817
42252,27,522,1138,417,5994
43207,71,3579,458,1941,20328
10290,7,144,3126,134,2313
43539,14,147,222,109,1697
43273,19,141,412,109,1539
1234,30,941,3739,831,15153
37871,20,420,1669,368,5474
25337,7,95,2320,88,1401
43412,7,105,297,50,1599
23442,7,434,2406,402,13631
21995,10,275,2477,233,7411
42709,69,3657,774,2568,9388
42473,170,2878,932,2003,22146
42088,4,98,1281,85,2946
1018,2,49,3807,39,3295
32285,1,79,1965,68,3017
42405,335,7209,1006,6151,28857
13463,13,572,2940,495,5431
9483,19,323,3165,255,4704
3675,2,126,3472,111,2202
42560,80,1191,868,1006,13119
30696,463,8682,2043,7328,30507
42496,5,55,910,47,2352
1043,4,162,3796,151,9273
23720,25,557,2393,479,6498
23825,33,529,2389,429,6823
21677,5,140,2495,135,2858
30954,23,416,2033,370,3968
43508,22,309,236,265,3657
43350,102,1131,340,928,8385
42156,1,17,1227,15,2373
12378,5,291,3016,152,3331
32101,13,198,1973,174,4256
42754,83,801,774,638,9403
14703,1,65,2849,60,4247
35622,118,2295,1814,1757,16080
1210,55,1107,3743,995,15983
25676,140,4129,2304,3458,22401
41387,2,111,1396,86,3463
43170,18,360,480,232,3489
12736,6,72,2996,57,2227
9656,7,1695,3155,795,2841
42700,10,180,791,129,7101
17814,2,127,2693,103,5213
43227,12,152,447,113,3287
32649,1,83,1949,74,3052
10448,133,5765,3119,5098,38432
37588,32,554,1690,463,4106
43469,8,68,267,49,4071
31920,6,126,1984,109,2715
29101,63,1525,2127,1227,13518
12587,1,265,3005,164,2524
42134,201,3154,1262,2557,18898
42454,83,888,952,750,8763
1610,311,5761,3560,4824,50877
6146,4,155,3367,114,2743
23066,25,847,2425,719,9200
37856,500,10031,1671,8523,42007
43266,161,2455,419,1874,14083
43241,118,1319,439,1052,10268
947,4,98,3830,85,2992
42599,6,63,823,48,2108
42138,82,857,1252,690,9179
27090,5,97,2242,85,2711
43470,224,3567,266,2918,17374
30679,5,140,2044,125,2758
22161,59,938,2469,836,10672
6528,11,638,3351,510,7738
14394,71,2165,2870,1903,25233
43465,2,35,270,28,1554
43487,0,22,252,17,1717
33049,2,86,1932,76,4659
42847,29,353,721,255,5630
25111,10,306,2329,267,3939
34863,125,2992,1858,2541,13739
43763,7,74,98,45,1180
42884,4,49,712,29,1131
1592,8,208,3563,184,5172
9496,45,1199,3164,1092,20395
18259,2,87,2672,74,3087
30600,117,1589,2049,1213,12180
40994,106,1644,1450,1342,8538
41649,49,859,1356,601,8293
6932,1190,28394,3333,21545,186537
33722,8,152,1907,123,3334
42925,12,108,702,68,2269
27264,26,405,2231,308,7912
15325,21,364,2813,312,7356
40636,5,179,1482,155,4411
22076,31,339,2473,260,3268
42727,7,89,774,67,1845
43648,7,150,132,110,1579
43326,40,604,362,440,4736
43689,7,103,135,75,1169
30763,8,192,2041,159,2070
29542,32,584,2104,510,5079
37427,39,508,1700,414,4571
41706,19,365,1347,301,4377
36360,36,706,1764,563,8821
26309,16,589,2276,521,10063
27545,556,13528,2214,9780,67629
42355,15,206,1026,180,3338
33095,1,150,1930,119,3462
24097,2,62,2375,51,1322
27263,20,371,2231,306,4292
37249,408,7197,1712,5944,27241
42386,17,262,1013,225,4181
28868,7,138,2138,118,5004
18290,4,135,2671,118,2508
42484,2,57,924,40,1355
42297,32,374,1088,305,2407
27744,4,169,2203,155,1960
1417,116,3067,3621,2717,26732
43471,28,255,265,215,1950
43550,6,200,217,120,4449
42271,266,3909,1109,3441,21982
42257,132,2161,1126,1855,19652
42202,168,2746,1181,2353,17482
1543,119,3624,3572,3227,37595
43485,2,37,255,28,1144
30197,12,305,2072,253,3676
43837,7,90,44,92,935
26379,9,163,2272,131,2309
43609,1,35,173,32,1267
1211,7,212,3743,189,7540
34167,3,158,1892,148,3501
43690,3,63,135,36,920
43880,0,33,14,27,399
42338,2,129,1049,105,2836
11066,23,675,3084,593,8017
31813,448,10082,1988,8255,75998
42319,8,115,1069,95,2866
31068,3,184,2028,135,3363
42562,51,610,867,473,5883
8894,24,495,3202,424,4983
43019,5,98,637,64,2807
43223,9,110,448,90,1559
9975,25,329,3141,282,6712
43845,3,45,40,33,635
38472,55,953,1629,809,5804
43043,11,162,622,110,2859
42532,155,2777,887,2458,16142
28562,347,6693,2154,5529,24134
42365,17,291,1020,237,4820
42576,92,1024,840,839,6796
1009,101,2445,3811,2188,36515
5847,64,1221,3379,1052,9050
43372,13,232,325,150,3021
43741,2,28,112,19,571
946,96,1871,3830,1624,10454
42275,2,58,1105,48,2128
34185,8,112,1892,92,2200
16991,10,344,2734,312,7480
14561,6,150,2859,127,2504
43589,6,77,187,62,1341
43769,4,47,93,28,881
43283,25,577,406,262,4577
43862,7,77,30,62,770
30199,15,233,2072,202,4654
32372,4,102,1960,81,2993
21405,25,544,2511,429,4100
1661,15,322,3547,266,9394
32379,5,54,1960,46,2023
26338,18,534,2275,470,5379
998,355,8651,3814,7105,68999
42230,12,191,1151,154,2650
19723,12,241,2606,213,3947
21070,2,254,2531,219,5298
42522,231,2803,895,2319,18142
24395,2,174,2362,151,4411
42608,11,257,823,173,5493
42191,0,0,1193,0,10323
42518,29,457,896,352,8429
36009,12,248,1784,199,5052
43029,2,7,633,7,5935
42172,79,1034,1212,881,13876
21970,132,2582,2479,2191,10986
31268,12,237,2017,213,4096
43027,3,111,634,78,2545
27303,149,2675,2229,2353,20750
42323,0,0,1065,0,1445
27306,361,7144,2229,5693,42964
42451,51,648,954,536,10933
14670,2,111,2852,97,3464
40299,120,1914,1514,1546,14437
32381,12,457,1960,355,4424
42948,6,119,642,77,2725
43303,9,102,387,73,2214
1679,79,1642,3543,1380,21725
1475,59,1234,3594,796,7630
30023,17,264,2081,213,4241
43542,3,63,220,36,1409
40026,19,273,1531,210,4207
28867,4,117,2138,92,2164
12547,287,6504,3008,5351,59308
31867,3,164,1986,129,3064
17828,8,422,2693,380,4531
43313,12,231,358,163,4629
43156,151,1861,490,1476,8259
42071,5,237,1284,202,2994
10569,42,2139,3112,1791,23778
16555,14,209,2757,184,3357
1215,9,254,3743,217,8246
43439,29,368,281,313,3878
6130,5,153,3368,102,2995
3930,34,815,3466,715,8686
13981,4,160,2899,135,3175
43529,2,68,228,51,704
28833,1,57,2140,52,2352
23035,52,1017,2427,829,14169
20927,32,582,2539,448,7167
43028,24,275,633,189,3727
40934,21,293,1454,241,4047
1272,1,55,3724,40,3292
20134,16,264,2584,235,2353
43192,50,590,472,446,5679
38938,1,35,1598,28,2458
43631,88,1351,158,1072,13034
42063,13,217,1285,205,5500
43213,92,1316,455,983,9333
42580,46,654,835,517,6421
9330,3,487,3175,211,2435
6028,5,106,3371,91,2267
43277,28,294,409,236,3359
43869,1,27,26,29,875
30150,26,454,2075,415,5035
6602,36,815,3348,587,9437
42091,2,35,1281,31,1677
43627,20,253,159,178,2960
35997,12,258,1785,209,5560
43453,9,195,277,151,2482
11932,18,511,3040,427,8896
6124,153,4283,3368,3740,30724
1609,5,129,3560,113,2951
43480,16,227,258,162,2648
43183,35,262,476,201,3121
42907,20,307,706,181,4857
39462,13,289,1566,239,6690
42187,4,118,1197,101,4600
32639,10,193,1949,163,7773
43240,42,507,440,407,7042
1286,88,2524,3721,1750,16609
43246,56,737,435,615,7667
23876,2,69,2386,63,1985
6958,46,1904,3331,1169,11916
43340,43,644,349,555,5748
3347,25,818,3479,602,12698
12816,74,2007,2992,1706,13646
33251,17,256,1925,207,6484
3092,2,40,3483,34,2467
43840,1,28,43,19,586
42101,83,1404,1279,1196,10703
42991,127,1311,668,1004,16834
43123,23,191,497,158,3241
16043,28,560,2782,429,8025
1059,24,9364,3791,3464,17924
26558,7,110,2264,100,3114
19882,55,1084,2597,951,6295
42381,3,141,1015,120,6358
6845,25,337,3337,264,4785
31997,6,143,1979,124,2515
43336,49,867,351,717,6850
1608,31,832,3561,736,22218
6211,13,547,3365,465,9478
8449,114,1900,3230,1495,9718
8359,104,3388,3235,2260,15781
1227,3,115,3741,94,3339
32173,24,453,1970,410,13306
43346,18,107,343,79,1433
43286,50,902,399,652,7307
42503,22,388,908,323,4162
43723,0,25,121,13,848
945,19,469,3830,418,6857
43181,98,1466,476,1224,9233
43706,13,136,129,108,2649
42494,15,291,912,198,3141
6213,3,213,3365,194,5767
28886,3,143,2138,111,2011
19006,52,1042,2641,869,8534
42721,80,4703,774,3102,22162
42928,79,987,694,704,9136
37243,1,62,1712,53,2167
28772,20,316,2143,268,4580
43293,34,363,398,306,4325
26836,279,7102,2252,6085,25049
43253,4,54,429,32,1265
43713,11,59,123,56,1224
34970,14,225,1852,187,4343
25387,28,850,2318,739,8779
5512,49,30002,3397,10439,4879
43167,25,272,481,195,3452
43650,13,183,128,156,2575
6017,2,77,3371,53,2254
7517,4,133,3299,123,2823
14312,5,102,2877,79,3970
30562,121,2352,2051,1859,19952
43077,238,2448,591,2175,21137
42145,3817,78056,1241,61214,505935
21042,2,149,2532,134,3044
27747,4,166,2202,153,1890
29272,5,113,2118,101,3384
6168,31,682,3366,598,6697
11665,11,220,3053,183,3249
1686,4,103,3542,85,2814
43135,10,138,511,96,2916
42445,5,118,962,98,5089
3497,0,78,3476,69,2254
1656,21,283,3548,248,6670
5762,10,274,3384,239,6602
9414,18,420,3170,338,6528
2363,41,1154,3496,953,15734
42685,80,1283,795,968,10144
1266,14,256,3725,226,7454
8629,13,345,3218,315,7613
1789,103,2131,3510,1908,26163
14461,55,2796,2866,2392,22473
42402,67,1646,1007,1304,10617
42342,230,3184,1047,2527,21974
24867,10,232,2341,197,6781
15456,20,791,2809,710,12197
1709,4,67,3537,52,2758
42505,16,237,906,203,3264
42327,106,2005,1061,1690,10335
43800,20,260,68,231,2808
7934,10,301,3268,253,4109
43251,1,25,431,18,1527
6044,66,1382,3370,1184,6346
7854,5,109,3276,100,3154
6857,39,5309,3336,2551,9456
23357,61,1020,2411,817,11327
7206,6,159,3317,132,2640
42165,52,895,1218,742,9278
1541,18,243,3572,203,4426
6154,8,291,3367,254,3807
14814,3,300,2841,270,4491
43825,2,39,51,27,628
8918,11,167,3201,149,2773
42079,1,12,1282,10,1018
42453,6,381,453,246,1805
42213,6,49,1170,37,2655
43127,2,84,516,60,2310
42130,51,677,1268,506,6385
42147,5,169,1237,137,3870
21589,14,297,2501,252,4046
2084,6,411,3500,259,3694
22642,2,106,2446,100,5105
8348,0,44,3235,39,2162
13384,140,2687,2947,2082,15128
7040,4,103,3325,89,2332
37328,120,1666,1707,1328,13229
26559,0,19,2264,17,1040
1559,5,158,3569,143,4621
43342,2,39,348,27,1215
27987,20,363,2188,311,3231
43744,0,27,111,19,727
29906,214,4124,2086,3488,16907
38788,1,58,1607,47,2600
42170,54,1316,1214,1038,12887
43657,77,1710,148,1418,7501
6129,5,378,3368,300,9638
16826,4,320,2742,275,4328
9235,56,1387,3182,1188,22148
39774,12,321,1549,259,6338
8352,5,77,3235,68,2855
43168,5,70,481,41,1904
42861,22,157,714,133,3632
1535,1,42,3575,36,2095
1006,51,1138,3812,997,15952
28862,15,479,2138,388,5861
42341,45,814,1048,584,26678
43655,10,119,111,102,1543
30268,0,80,2068,67,2373
43499,6,67,242,43,908
32981,8,186,1935,159,5220
1088,13,458,3783,395,12684
7278,13,422,3314,286,6803
42310,42,708,1081,581,9154
10457,15,906,3118,558,5383
43870,0,27,26,18,347
42383,2,104,1015,91,3212
42137,26,534,1256,429,9370
7064,26,1667,3324,811,9346
42507,34,345,906,291,6947
43773,4,82,90,62,1417
42400,25,569,1009,492,6700
43166,7,228,482,167,3595
994,151,4799,3815,4217,47418
28807,41,1105,2141,946,6293
1697,1,97,3541,84,3634
43074,11,198,593,135,4407
42589,2,86,825,61,5521
42511,55,725,901,577,5929
7518,30,653,3299,598,7012
43598,4,59,183,55,1596
13504,130,2386,2938,1972,31089
1570,126,4603,3567,3923,31576
43710,14,90,124,78,2558
43429,52,733,291,616,6855
1704,9,238,3540,208,3275
12458,25,1385,3011,978,6021
31045,26,547,2029,480,7166
41951,18,295,1303,255,6497
43263,15,238,423,169,6161
42322,12,327,1065,263,3137
43144,66,849,497,677,4839
43159,5,126,488,95,1787
43832,1,8,47,7,516
31167,44,1202,2023,1024,16399
43506,2,50,239,34,1201
42744,109,1317,777,949,11193
43209,59,1193,457,664,10116
31655,18,389,1996,316,2361
42499,18,251,908,202,2890
7967,9,140,3264,131,2673
7015,8,221,3327,196,4213
43270,17,204,414,178,4210
1197,41,971,3746,886,14896
42425,20,300,989,217,5902
9871,11,309,3146,283,6348
41941,11,177,1306,144,4872
43558,7,70,212,53,1044
28252,15,387,2173,325,6513
42366,67,1480,1020,1257,15216
1478,3,77,3594,70,3185
43686,0,11,136,10,468
13464,9,278,2940,243,4848
42269,101,1757,1110,1384,14932
43216,50,799,450,614,6075
1607,5,186,3561,148,3880
35482,11,209,1825,179,4223
42313,776,12755,1075,10556,70994
14843,2,128,2840,111,8403
1459,9,114,3600,96,2920
37660,13,237,1686,187,3699
27246,78,1640,2232,1294,13117
42613,106,1347,820,1045,9311
23012,3,102,2427,93,2135
8008,4,150,3261,121,3352
43859,2,21,31,15,605
42246,8,172,1141,149,4638
1424,208,4709,3621,4214,30840
6203,16,426,3365,369,9007
1256,54,10231,3728,6024,29518
25740,2,80,2301,67,3051
5204,14,250,3412,218,3405
22966,2,139,2429,130,4917
40947,457,9211,1453,6417,68940
1258,28,651,3728,587,10402
41678,250,3790,1352,3251,24563
43596,8,84,183,50,1473
2680,5,131,3491,119,5175
43477,16,292,259,207,2607
32356,1,46,1961,40,2529
1048,42,889,3793,764,11790
43853,2,20,35,14,532
1287,5,146,3720,132,9354
43373,4,56,322,36,1559
1071,8,247,3788,217,5203
5535,5709,203002,3396,157699,1212512
43454,3,40,278,23,1330
20499,20,744,2565,701,6836
37538,28,484,1693,400,4646
39329,328,6566,1573,5378,39396
43456,0,13,277,11,749
1673,25,554,3543,482,13301
41239,10,151,1418,142,7682
8306,9,275,3239,225,12236
29817,32,690,2091,582,9125
2548,6,446,3492,293,4615
28750,4,130,2144,112,2400
38825,11,135,1605,117,3065
987,6,154,3818,127,3876
35923,8,151,1791,130,7292
33070,18,469,1931,385,12364
1092,11,218,3783,136,3834
17432,44,1468,2709,1297,22605
43472,8,112,263,94,2112
29884,7,144,2087,115,2808
43826,3,84,51,69,1008
42420,114,3136,996,1813,23643
37708,50,732,1683,598,4728
42085,3,29,1281,22,1477
3470,3,760,3476,273,2643
1118,1,95,3774,90,5868
1294,5,103,3716,87,3810
6029,8,151,3371,132,3401
31840,8,152,1987,128,3591
42243,6,157,1143,112,2851
43666,13,276,143,191,2152
43697,4,50,132,34,867
43528,56,2220,229,1747,7795
5384,29,1237,3402,751,6507
42568,18,242,862,170,2594
35948,44,1295,1789,1113,23907
28866,14,231,2138,191,4294
43614,2,55,173,20,727
43783,1,9,85,6,662
28479,41,746,2161,647,15052
43846,3,14,39,10,326
43684,1,31,137,22,759
3879,2087,44152,3467,34907,143282
1246,97,2263,3733,1868,10615
1569,10,124,3567,112,5427
19465,109,2205,2619,1904,8623
1212,6,87,3743,68,3715
40073,0,426,1528,389,6134
43777,4,64,89,41,950
43507,16,221,237,175,2759
1005,49,1273,3812,1098,17037
10282,4,64,3126,46,2582
10994,82,1698,3088,1319,12939
22933,193,3996,2430,3205,25762
23572,38,746,2400,644,13180
42119,17,348,1274,319,11515
35080,251,5388,1847,4606,25587
42530,8,161,890,114,3248
7200,7,190,3317,173,5190
10770,105,2679,3100,2200,15355
28800,1,107,2142,90,3373
43670,1,38,140,27,833
1501,2,144,3592,117,5456
28864,9,226,2138,195,5604
5554,18,309,3395,272,3568
33920,1,95,1900,82,2431
41778,41,686,1335,572,12266
1561,6,99,3568,88,2934
37038,318,5142,1725,4290,22574
9647,8,273,3156,191,2730
43774,3,50,90,40,750
41615,406,6972,1363,6029,41795
6065,10,172,3369,148,3342
30205,128,2484,2071,2040,25593
43389,9,241,306,154,5001
32506,100,2284,1955,1576,17074
1114,32,726,3776,650,11109
14414,117,3291,2869,2727,21551
43357,13,109,336,75,2372
42256,37,468,1129,363,9567
42717,66,2641,774,1948,12894
43642,36,351,155,283,6664
21822,37,627,2488,522,11083
42325,18,448,1062,396,7054
41371,50,1153,1398,973,10034
39446,5,84,1567,67,3454
36744,8,558,1744,368,9593
1552,3,235,3570,210,4796
40085,39,627,1527,542,10264
7254,9,285,3315,252,3938
42875,3,113,712,55,1711
43613,1,28,172,25,1048
10059,65,2794,3136,2238,46008
1423,191,4191,3621,3679,25990
43861,0,26,30,16,479
28547,17,436,2155,358,6461
9754,393,24620,3152,21057,111181
40303,0,80,1514,65,3701
42796,1486,29289,744,20238,84528
43566,2,205,208,159,4912
21297,145,3017,2517,2473,11077
43592,3,63,186,52,1278
6045,2,140,3370,103,3010
1691,31,786,3541,555,6252
43450,1,37,278,22,1377
33370,41,698,1920,584,5442
43056,32,287,607,251,3150
42373,10,420,1019,360,7523
43437,14,129,282,99,1316
43842,2,48,41,36,869
1297,27,639,3715,557,8360
41851,5,90,1320,76,2666
2998,13,379,3485,346,11395
27905,51,1155,2193,985,9532
1696,3,140,3541,119,4136
42456,31,437,951,344,7905
43761,2,30,98,14,709
43065,117,1386,600,932,13224
43026,183,1976,635,1634,19268
6685,10,164,3344,139,2762
1500,25,501,3592,448,5010
42983,73,933,675,722,4856
1666,6,203,3545,157,3793
43377,15,196,318,145,2315
1714,1,60,3535,53,2083
40223,12,222,1519,199,5068
43113,595,8493,547,6573,28452
41730,67,1371,1344,935,14004
42535,76,1054,886,819,11279
28113,3,111,2182,96,2155
42458,9,183,947,129,2118
31389,10,323,2011,273,5150
41337,466,8863,1402,6562,50765
33334,7,123,1922,95,3169
31629,39,735,1998,602,5467
22616,16,388,2447,335,5034
35478,4,220,1825,184,2997
7282,2,129,3313,119,4071
43255,22,291,428,225,3592
42880,0,24,712,13,1169
43849,1,28,38,20,738
42196,884,13278,1188,10297,89839
43788,3,35,82,24,1005
29540,5,103,2104,89,2408
15529,0,120,2805,97,3696
43421,98,1491,293,1203,4523
5550,6,185,3395,157,4066
572,0,34,4294,24,3086
1271,2,126,3725,110,3590
23651,5,120,2396,104,2315
43247,1,24,434,17,1286
37489,534,11532,1696,9622,43174
42758,584,8139,770,6323,41795
12550,41,696,3008,608,13046
42336,24,187,1050,153,3134
15718,1,71,2796,64,3214
4618,5,167,3441,131,2135
43473,5,133,263,96,2778
42467,60,906,937,716,10100
43753,14,209,107,142,1392
11902,42,1238,3042,1108,16764
43851,1,46,35,33,738
27266,56,1613,2231,1187,8737
41635,10,219,1360,166,9641
43278,17,198,408,156,2206
37535,7,195,1693,168,7844
7113,17,939,3322,777,17193
26014,5,156,2289,128,7258
42395,338,5044,1012,4279,41818
12958,36,967,2983,891,14319
29019,2,217,2131,181,5968
43647,9,171,128,142,1517
43080,11,137,588,85,2376
23108,17,508,2423,424,7052
37539,21,545,1693,456,4364
33443,2,131,1917,119,3052
1453,145,2925,3604,2547,36580
9337,1,62,3175,54,3394
5710,3,91,3386,77,9632
43677,4,35,139,28,572
43625,0,28,160,18,924
42161,226,3215,1221,2768,32676
8588,14,509,3220,458,9754
40979,18,347,1451,288,9831
43008,180,2584,654,1757,19507
1577,6,191,3566,146,7748
43062,16,161,601,122,3259
34046,49,831,1896,667,6841
42896,1,52,712,27,1451
15459,10,195,2809,159,7535
33639,43,704,1910,602,9146
43451,8,82,278,59,1118
43486,52,799,253,606,3544
39170,125,1758,1584,1396,10114
43796,10,160,72,123,1068
18389,32,861,2666,782,5644
15341,3,96,2813,76,2177
28406,27,650,2164,536,14213
43891,0,3,11,2,306
26791,12,209,2254,180,2086
42186,52,660,1200,562,7307
1452,4,115,3608,95,5023
1069,8,142,3789,125,4575
24047,1,57,2378,51,2149
5307,13,645,3407,587,8883
43294,15,127,397,94,2475
37792,25,638,1676,476,6347
1462,8,219,3599,181,3844
22049,1,65,2475,52,1993
43574,6,106,200,86,1020
26290,4,56,2277,45,1738
40402,11,317,1503,261,6140
1077,24,1390,3786,1234,31117
1252,2,46,3732,40,2459
8570,5,972,3221,383,8626
39855,8,171,1544,163,4894
43038,8,112,626,70,2315
42506,20,220,906,196,5665
43296,22,524,396,378,7959
29399,586,15646,2111,13136,63021
43459,2,64,277,42,1377
42579,31,486,838,398,5996
19543,24,464,2616,386,15050
23822,5,226,2389,182,7999
43626,4,30,159,23,443
43254,56,832,428,543,9022
43872,7,88,22,90,1259
42627,3,40,809,26,2221
940,8,644,3832,600,7689
1611,96,2033,3560,1814,18427
35794,0,43,1800,36,2144
1579,15,490,3565,387,8195
1054,4,144,3792,131,5809
29223,9,306,2121,233,5351
37899,22,881,1668,754,9937
8993,1,33,3196,26,1942
42482,109,1175,924,841,7895
43617,6,114,169,71,2197
9874,32,596,3146,438,3852
42209,155,3528,1175,2390,22946
1049,4,230,3792,209,5711
33651,9,171,1910,134,3962
43468,15,222,267,139,2194
42139,325,7951,1250,6775,62348
43052,17,221,614,152,2179
41947,415,8856,1304,7225,55571
42245,197,3709,1142,3247,21230
42715,88,4668,774,3513,16780
2612,2,530,3491,207,2342
1690,9,266,3541,212,11434
40289,12,259,1514,226,8432
26544,21,325,2265,272,4012
42100,152,3097,1280,2488,26870
43208,24,171,458,124,2120
43174,14,89,479,72,1491
43394,14,178,305,131,6392
43078,12,98,589,82,1942
12259,0,357,3023,161,4422
1785,22,359,3512,322,5849
11990,5,74,3037,53,2293
10608,9,301,3109,274,5063
1765,0,0,3517,0,4815
35089,3,68,1846,60,2822
26905,10,164,2248,141,2913
16238,38,1316,2773,1207,7830
42317,51,703,1070,634,9031
41116,2,115,1434,100,4275
8832,2,44,3205,38,1664
1654,10,172,3548,159,5096
43011,3,39,651,28,1510
43040,8,127,623,89,4543
25930,4,170,2293,146,3533
38827,2,65,1605,45,2073
43817,4,56,57,51,1301
42432,6,71,979,60,3946
21149,346,7119,2525,5886,51627
3936,10,422,3466,374,7552
27212,6,196,2235,161,3125
42158,172,3763,1226,3064,35108
1534,17,407,3575,357,11902
42924,35,376,703,322,6469
43708,0,12,128,9,490
39431,447,10149,1568,8235,51731
26466,28,467,2269,389,6122
1713,15,298,3535,243,5086
43810,50,528,60,511,3873
43217,6,56,449,44,1576
41570,50,1449,1371,1302,18654
43850,3,22,37,18,648
18663,7,144,2654,116,2584
1268,5,117,3725,100,3533
43353,37,423,339,297,3655
1451,3,137,3611,117,4554
17935,59,943,2688,743,7819
42782,67,634,752,520,6631
1600,2,51,3561,43,1975
43628,30,296,159,262,2629
27895,41,1512,2194,1321,17908
1471,3,38,3595,34,1966
22938,34,872,2430,708,8564
43616,6,68,170,34,1445
43559,11,166,212,132,1755
43287,5,74,405,62,1238
41996,10,207,1297,173,3963
42280,3,248,1102,204,4028
42504,135,1846,907,1389,19239
43403,6,60,301,48,1419
14661,6,987,2852,865,7069
1486,26,661,3593,468,5585
4588,6,824,3442,298,2275
42377,43,1143,1017,879,5796
42474,8,125,930,106,2047
43230,2,68,446,55,1326
43441,83,1299,280,1051,6629
15453,4,186,2809,164,2386
5226,25,536,3410,465,5493
23383,5,363,2409,299,9649
43748,51,736,110,624,7490
27859,15,335,2196,294,3470
25085,111,1868,2331,1587,13843
42014,11,188,1294,160,5544
43191,185,2943,472,2180,15709
42577,8,89,839,63,1719
8302,17,1846,3239,793,7106
41654,76,1391,1356,1027,17667
40053,365,5953,1529,4429,19511
1274,19,614,3724,486,11061
36837,3,65,1736,59,2663
42792,10,145,748,119,3575
23981,585,12967,2381,11094,50419
32493,20,363,1956,291,8701
43728,5,30,118,23,488
35564,27,451,1819,343,16920
43083,289,3468,583,2807,16257
43238,211,2986,440,2309,16834
20996,2,150,2535,130,2742
6206,14,629,3365,528,6706
36459,13,166,1759,127,3340
42296,10,309,1090,173,5171
1683,0,65,3542,55,1816
43579,0,67,195,17,1494
11428,3,196,3066,104,3400
10351,4,149,3123,123,2650
43391,15,239,306,146,2730
42294,7,102,1092,77,2959
43106,62,519,560,422,5141
42780,22,308,752,202,5833
42440,0,9,966,9,1385
43105,35,515,561,385,4396
39308,15,339,1574,278,7967
24273,34,830,2368,696,15401
43772,0,24,90,14,620
1441,10,396,3619,332,7406
27222,67,1141,2234,876,7952
1007,24,391,3812,328,5855
1264,10,296,3725,246,5895
43504,2,33,240,27,1261
42729,44,1548,774,1135,7502
8249,12,252,3243,175,2633
43387,24,182,308,139,1841
35563,11,280,1819,220,7387
5846,74,1546,3379,1288,16743
24293,6,158,2367,131,2727
1726,3,115,3532,102,3942
6051,20,421,3370,351,4372
42093,15,264,1281,220,3222
1587,17,577,3563,429,5686
20494,33,1216,2566,1044,13971
43540,4,57,221,37,2614
7785,3,47,3282,41,1815
28268,11,236,2172,190,4518
42941,98,1291,683,1114,9098
39030,65,913,1593,691,12260
43390,6,108,306,74,2812
42391,8,95,1013,77,3075
43325,33,374,365,274,3796
28348,5,164,2168,137,4272
43371,8,284,326,166,2825
43815,1,60,59,55,1289
42609,49,691,821,512,8562
23815,26,389,2389,349,5545
43894,1,11,7,21,624
43214,101,2066,453,1639,11230
42558,111,1914,872,1643,9297
43751,3,87,108,51,2868
40437,9,153,1499,124,4558
6309,3,621,3360,263,1724
43786,45,715,83,580,5974
26243,2,82,2279,67,2294
42274,23,262,1107,225,3379
42409,3,39,1004,36,2363
6153,8,123,3367,105,3076
27305,228,4403,2229,3710,27075
1257,72,1186,3728,1042,31189
32912,13,190,1938,164,2719
42424,5,131,990,109,5870
42392,126,2241,1012,1918,22917
42350,12,317,1033,226,4818
3935,11,428,3466,376,8441
10472,14,1402,3117,1218,7611
43524,79,722,230,588,8267
34844,168,3823,1859,3231,17132
42237,5,150,1148,127,3242
6377,3,390,3357,175,2951
21985,59,1997,2478,1767,10222
1189,30,10199,3747,4811,17041
41408,71,1695,1392,1383,16943
43089,8,78,578,61,2071
43892,0,17,10,17,457
15026,28,500,2829,458,7511
43033,19,285,632,123,1490
42149,159,2476,1236,1762,23661
6349,10,226,3358,190,3648
1784,5,139,3512,116,2890
1472,6,75,3594,63,2481
43014,591,9402,649,7407,54838
22928,3,82,2430,70,3439
4976,3,99,3425,83,5031
30765,79,1259,2041,985,9158
30554,1,64,2051,56,9996
43335,19,154,353,122,3691
43194,3,31,470,23,1521
43244,27,214,438,183,3069
39939,28,649,1537,545,5437
43532,2,26,224,18,974
1745,133,3650,3526,3192,48103
35386,16,267,1831,240,4549
43229,11,164,446,114,2805
13315,17,433,2952,376,7204
30563,413,9604,2051,7776,62395
43651,10,152,111,131,2151
28345,1,80,2168,73,3195
28693,4,243,2147,215,10543
43182,25,290,476,237,4325
14006,16,318,2897,262,9905
37854,131,1668,1671,1468,15573
22160,7,184,2469,152,3237
42219,12,117,1160,85,2936
43695,10,136,133,84,1416
6166,3,114,3366,85,2032
41720,14,411,1346,370,5036
42157,19,245,1226,210,4502
40077,0,390,1528,360,6224
42999,12,117,663,86,2996
1194,107,2188,3746,1887,26490
1335,9,170,3696,152,3759
43315,6,75,375,44,2046
1701,0,32,3541,29,2073
41650,443,8457,1356,7121,43916
40501,2,96,1493,85,2656
33216,5,105,1926,83,2383
27322,40,752,2228,664,9073
42563,13,186,866,146,3835
43272,42,666,413,514,4857
42311,11,196,1079,156,4164
42804,1,52,738,24,1462
42353,7,121,1028,109,1896
43108,564,7198,559,5553,21741
12088,0,141,3033,96,5517
28892,12,453,2137,349,4398
22138,6,199,2470,176,9304
43653,7,148,116,122,1965
43376,12,143,319,105,1846
6683,14,824,3344,712,19611
6847,24,476,3337,409,4965
7101,4,132,3323,120,4160
1117,0,50,3774,45,4327
42997,34,382,664,297,2780
27355,83,1281,2226,1080,13099
43738,1,28,113,23,1206
8318,24,611,3238,539,13107
35368,206,4090,1832,3613,17761
43177,164,1732,477,1396,14866
19350,6,257,2625,193,6041
1489,67,1119,3593,989,13167
43863,1,34,30,23,1714
22921,120,2659,2431,2099,18312
1222,4,116,3742,105,3922
34851,37,836,1858,682,9228
28258,2,67,2173,59,2038
33218,4,281,1926,215,4719
42167,6,100,1217,90,5079
15671,12,493,2798,448,4355
26455,1,83,2269,68,1926
31066,9,181,2028,158,4716
1259,5,98,3727,84,2924
1742,22,497,3527,415,7915
42113,159,3413,1276,2898,12527
11908,55,1325,3042,1168,14135
13279,56,1843,2956,1580,17137
12175,1,290,3028,155,2232
42228,19,281,1152,258,4882
43297,29,250,391,202,3503
42120,118,2301,1272,1787,17304
43732,2,25,116,20,1022
42266,30,390,1112,324,3722
1466,1,49,3596,41,3248
34620,0,62,1872,59,5301
43202,53,515,463,440,6207
27123,5,138,2240,107,2899
43635,34,441,158,396,5353
43727,2,55,118,40,703
29671,127,2189,2098,1842,11898
43345,1,41,345,34,2333
38056,20,553,1659,439,10450
5839,1,73,3379,67,2407
41220,9,177,1422,146,4311
23113,0,74,2422,62,2240
38826,21,347,1605,290,6609
13974,16,525,2899,425,4206
43431,37,480,288,340,4488
42773,652,10011,755,8113,47620
42725,23,1322,774,898,5549
1553,18,746,3570,462,8399
27708,32,431,2204,362,3480
1515,5,99,3587,82,2988
1136,4,207,3771,181,7800
11743,1,189,3049,115,4621
43568,70,589,208,422,4141
42597,5,86,823,72,2715
42107,7,117,1277,94,2519
43418,211,3749,294,2953,14450
43338,12,148,349,94,1883
43284,18,142,406,110,2023
42733,41,641,783,417,7625
43163,11,99,486,70,1786
27262,92,2318,2231,1776,20256
26734,12,277,2257,237,2884
37913,20,401,1667,327,7339
20712,0,92,2553,81,2296
1062,6,140,3791,109,4082
43331,41,526,355,423,4522
43562,3,71,210,35,1106
38976,24,614,1595,516,10338
1900,2,203,3504,106,7229
42347,737,20875,1039,16484,104431
1728,7,268,3531,222,5352
43085,48,566,582,474,5071
1630,4,63,3556,58,1949
43590,8,41,187,36,2446
11586,20,446,3057,390,5501
1200,614,25867,3744,21313,134020
43124,135,1458,524,1184,8833
33091,88,7896,1930,6348,23890
42501,12,209,908,177,2737
42719,64,4864,774,3446,18029
43734,11,87,115,66,1087
43511,54,763,234,551,4458
24388,1,35,2362,31,2321
43457,3,58,277,42,1428
3919,4,360,3466,315,10226
19710,7,192,2607,171,3988
43060,25,243,601,202,4063
42690,6,81,794,56,5509
17976,5,94,2685,84,4059
23648,0,0,2396,0,3663
1565,3,55,3567,50,1907
42169,22,505,1215,422,10203
7027,5,180,3327,166,5503
11898,86,3297,3042,2468,34195
6024,0,76,3371,64,2562
9069,16,920,3192,806,14809
31746,4,64,1992,53,1689
5724,10,187,3385,156,8808
42459,20,466,946,384,9606
23654,4,88,2396,74,2837
6106,22,615,3368,467,6293
43759,11,101,104,95,1803
41173,29,448,1429,358,4718
42182,12,315,1203,233,11601
42578,26,293,838,245,7939
1109,13,210,3776,184,5010
7438,3,151,3304,123,3531
43812,0,19,60,15,333
1443,4,155,3619,124,2438
43329,14,213,358,130,2065
18967,4,62,2642,58,1836
42661,104,937,802,717,6774
43729,11,221,116,179,2075
3652,27,877,3473,743,14976
1014,75,1228,3809,997,10479
24537,29,768,2355,617,7475
42189,123,2015,1197,1557,23224
43155,153,1952,490,1527,7748
6035,8,436,3370,394,6557
13122,13,256,2972,209,3587
8668,32,1442,3215,1246,21159
43681,5,94,137,66,1649
43162,22,300,488,251,3128
43874,3,52,21,49,1497
3833,201,4249,3468,3415,30521
6126,7,229,3368,202,5082
43632,5,74,158,49,755
42713,35,675,774,470,6429
30209,12,238,2071,191,5167
8708,1,68,3212,57,2125
43830,2,35,48,20,659
35761,7,141,1803,113,4778
8729,11,407,3211,363,7874
15175,157,2944,2821,2448,14298
43109,35,486,555,335,4589
23663,72,1076,2395,869,8368
6995,16,469,3329,408,7408
1560,12,231,3569,206,3544
42581,4,138,833,117,2958
1293,18,395,3716,359,8916
43291,138,1916,401,1462,10547
42848,4,66,720,43,2062
42858,126,1515,716,1268,14203
43885,1,29,13,35,359
43801,4,23,67,19,719
6462,8,665,3354,274,3449
11950,3,296,3040,265,6905
1002,49,1972,3813,1682,16667
43673,3,39,140,22,844
6208,11,393,3365,353,4774
42241,32,619,1146,530,9727
43064,31,233,601,193,4652
5840,18,237,3379,191,3713
39957,50,649,1535,523,9565
951,10,180,3829,152,4826
27139,10,151,2239,119,1901
21320,0,44,2516,36,2406
26555,15,361,2264,286,3034
42981,26,459,675,329,4738
43224,29,386,448,273,3782
3880,7024,167967,3467,125453,1003138
14458,157,3437,2866,2856,28267
43072,378,6047,591,4834,26162
41810,27,371,1326,340,7918
43864,20,251,29,209,1408
43674,2,39,139,22,906
43448,4,59,277,50,1411
20596,5,65,2560,58,2444
43320,46,2428,370,1541,20371
43838,5,146,43,119,1033
42307,1,32,1083,27,1953
43489,9,92,252,79,2657
302,6,231,4147,192,8743
42203,2,36,1181,26,5828
42486,8,108,924,89,2028
1674,7,101,3543,80,2132
43629,2,58,159,53,998
1774,3,118,3515,100,2370
37051,2,56,1724,44,2796
42354,26,429,1026,324,5194
10293,32,637,3126,568,8604
42567,57,881,863,707,23087
43546,5,57,219,40,1705
28917,8,434,2136,314,6424
42123,17,394,1271,331,5648
35562,9,215,1819,180,5947
42278,41,528,1103,430,4261
43683,4,61,137,33,1119
17949,5,73,2686,62,3210
43545,2,77,220,55,1855
43237,55,512,441,345,4980
42210,3,92,1172,75,4789
42108,10,296,1276,253,4989
42115,15,228,1275,198,4210
42112,56,1053,1276,914,10512
43445,10,149,278,100,4741
1643,17,233,3552,195,6441
43602,58,732,180,560,7661
14892,8,116,2837,100,3007
31814,3,93,1988,81,3141
12345,29,897,3018,832,14876
33917,10,196,1900,165,2653
43460,6,71,278,51,956
43101,439,4555,563,3558,20173
42164,54,659,1218,518,7948
2995,8,1427,3485,661,9771
43802,1,16,66,14,383
20055,13,312,2588,269,4608
27551,5,55,2213,49,1422
43530,61,1407,227,1045,5658
30436,7,112,2058,95,1766
43634,8,89,158,84,1946
26260,1482,34062,2278,23848,149370
22788,50,733,2439,617,7674
1137,14,533,3771,453,13801
43868,0,5,27,3,249
39083,8,117,1589,95,2164
6018,9,214,3371,146,3018
29470,14,443,2107,338,9009
15193,110,1856,2820,1501,11224
19335,13,381,2626,320,6937
37400,427,12192,1702,10558,33465
1488,29,475,3593,415,6037
8013,11,245,3261,216,2321
42378,60,764,1016,607,4248
38824,10,141,1605,118,2220
6757,41,1851,3341,1136,6472
43413,9,191,296,145,1778
42360,0,0,1024,0,7693
5856,6,746,3379,400,8129
13793,7,217,2916,179,5248
4022,0,73,3462,57,2814
9494,64,1172,3164,1043,19169
42945,98,1289,680,1035,15311
1415,52,848,3622,689,10556
26730,2,67,2257,62,3672
16327,14,558,2768,491,7031
1563,3,73,3567,65,2061
39442,13,236,1567,213,6337
22207,11,306,2467,271,4806
25556,18,423,2311,373,4339
42022,13,227,1293,185,4819
9057,1,442,3193,148,3145
39405,35,1022,1569,843,12094
12419,39,1250,3013,1155,10683
5013,4,67,3423,57,2325
23418,0,93,2407,73,3330
36891,12,340,1734,253,4238
24842,32,449,2342,393,7421
37803,10,218,1675,178,3786
12189,411,7406,3027,4768,37486
43664,4,43,144,27,1814
43382,12,142,315,128,3107
41074,18,270,1440,220,3544
37208,27,464,1714,381,6062
31105,9,184,2026,156,1960
8920,10,313,3201,276,11256
40702,36,585,1476,476,6768
27565,2,131,2212,110,2744
42205,1,71,1178,55,2297
41265,12,175,1413,136,3724
42321,16,311,1067,260,6799
41102,4603,133638,1437,102623,539041
32427,484,15019,1959,11952,42312
22618,19,669,2447,567,5609
1659,19,684,3547,595,12865
3876,33,534,3467,472,5883
42527,15,386,891,285,3944
38889,22,529,1601,450,8083
27965,46,1497,2189,1277,11443
33873,4,61,1901,49,1950
42573,194,3913,850,3178,20710
43720,12,195,122,161,1974
19153,20,418,2635,332,4796
42098,18,240,1281,201,3486
13969,40,890,2900,735,7374
42248,26,459,1140,408,4369
43410,35,493,298,432,3859
42192,5,128,1189,104,2659
43362,2,59,333,50,3795
6043,8,312,3370,279,3660
7783,4,788,3282,442,4993
9493,18,489,3164,448,12060
7973,9,231,3264,199,7139
1121,5,101,3774,90,4246
43383,18,598,313,274,3952
41727,0,27,1345,22,1407
42090,11,256,1281,211,9008
23440,28,1011,2406,901,9417
37578,27,509,1690,425,12031
17686,7,145,2698,129,3823
42478,8,160,928,118,2372
18790,4,96,2649,85,3902
21265,0,78,2518,70,2466
43680,29,466,138,400,4213
6012,6,281,3371,235,2655
28236,5,97,2174,73,2095
43789,5,98,81,62,957
42009,184,2642,1294,2076,21507
8528,5,54,3223,51,2286
40894,2,137,1457,125,3900
43745,5,112,111,78,1358
42136,382,6988,1256,6052,65982
25270,6,163,2323,141,1674
19914,4,152,2596,140,2522
43334,3,98,353,69,3293
38722,43,966,1611,725,12036
43515,3,66,233,46,977
35938,1,53,1790,40,2104
43636,6,46,158,32,1074
43079,25,232,589,190,4308
42502,12,260,908,218,2840
28552,295,6183,2155,5116,29374
40078,18,434,1528,384,5594
23155,18,877,2421,734,13495
32809,12,530,1942,438,12328
34852,22,244,1858,218,6688
14861,3,511,2839,436,13160
42154,14,269,1230,232,5558
3874,122,1995,3467,1570,13431
42893,3,57,712,37,2024
42570,713,11059,858,9092,30389
18656,1,242,2654,222,3645
7170,13,4771,3319,1720,15913
42553,11,137,878,121,2284
42520,201,2388,895,1972,13587
42078,5,180,1282,170,5887
43828,10,171,50,156,1869
41726,5,159,1345,110,3963
42308,7,114,1081,98,3653
35561,13,318,1819,259,9630
10354,12,346,3123,279,5414
6019,11,194,3371,172,4122
43749,73,1181,109,880,13436
6040,16,638,3370,559,5684
1126,8,333,3773,300,5969
43792,4,28,77,20,1794
42873,4,86,712,68,2491
33285,13,462,1923,357,9950
1622,170,4183,3558,3400,39053
43641,9,124,155,80,1676
7339,24,910,3309,820,13203
43219,154,2507,449,2026,8505
25275,11,456,2323,369,4039
42410,44,485,1003,362,3906
30830,37,526,2038,442,4517
42397,11,263,1011,220,3920
6104,8,249,3368,200,2648
25650,79,2251,2305,1920,9957
43718,0,68,122,57,739
41542,255,5629,1374,4237,31636
25409,163,2835,2317,2428,28098
1291,2,80,3718,67,3019
43036,47,666,628,470,8222
41544,54,1100,1373,896,14063
6101,34,697,3368,489,7539
3677,0,341,3472,104,2377
28848,4,217,2139,200,5249
13028,34,491,2979,405,5402
41127,6,111,1433,97,2919
23274,4,236,2415,213,6788
42103,312,4602,1279,3857,18626
15606,2,74,2800,58,3821
43831,1,16,47,14,291
43243,2,70,439,58,1069
43446,2,119,278,94,1458
42254,4,62,1136,49,3749
43319,63,537,371,466,4802
28061,396,14562,2184,11516,42010
580,33,595,4342,518,16699
11275,10,286,3073,246,8268
43269,31,335,416,284,4830
42084,12,297,1281,266,5176
42752,8,122,774,88,4090
25477,4,172,2315,158,1915
42352,67,1169,1029,956,8701
40784,18,343,1468,302,6631
26513,57,1078,2266,870,12816
30360,1,115,2062,100,5182
4906,22,1139,3428,626,6502
43766,73,938,97,806,9148
990,14,392,3816,361,27058
42554,580,10665,876,9076,36318
37133,35,891,1719,748,9882
22684,68,2358,2444,2031,9339
42183,10,108,1201,92,2623
42832,166,2282,726,1742,17875
1628,5,121,3557,106,4085
42927,18,224,687,157,3178
6063,3,109,3369,96,2767
37228,6,140,1713,123,10031
42159,458,8246,1223,5444,32951
42376,126,2250,1017,1902,25860
7035,4,86,3326,74,2830
29374,3,125,2112,108,3085
41911,2,49,1310,40,1700
3505,33,1230,3475,1084,12913
43493,10,133,250,90,1938
43835,18,241,47,226,3609
43295,14,208,397,156,2818
21407,45,1168,2511,977,9047
27448,23,608,2220,499,4964
28269,1,89,2172,73,2947
24389,1,76,2362,67,1957
42184,13,97,1201,86,2558
28861,325,5369,2138,4301,40629
1629,12,302,3557,270,8373
27750,7,182,2202,164,2276
43564,5,53,208,28,1081
1634,243,5046,3555,4298,23662
5001,8,482,3424,271,3345
43235,1,35,443,25,1384
26620,1,46,2262,36,1829
43798,5,81,68,63,974
33478,22,518,1916,446,8347
42086,42,701,1281,593,6749
43844,3,96,40,93,1272
6148,6,141,3367,121,3377
1647,5,58,3551,50,2602
12506,7,100,3008,85,2811
37695,6,88,1684,77,1874
3648,1,50,3473,43,3807
43873,0,16,22,14,265
32974,4,94,1936,79,3339
43576,30,336,197,238,3929
43500,1,29,242,17,1165
12440,5,218,3012,191,2834
40421,10,319,1501,265,5896
39698,23,301,1552,224,4441
22541,155,4289,2450,3800,39386
15454,4,153,2809,134,1972
42561,65,852,868,622,9368
43032,19,298,633,248,4130
11048,11,224,3086,189,7373
33408,1,62,1919,47,1510
32461,4,95,1957,81,4458
43660,3,21,147,11,675
35423,31,622,1828,517,7130
42980,8,137,676,84,2207
27454,26,431,2220,369,4901
42293,6,153,1093,120,2310
1743,45,851,3526,758,11728
43005,6,184,658,145,3503
4468,178,4990,3447,3134,20322
43104,29,304,561,233,4382
6748,7,147,3342,130,3132
42235,26,380,1148,317,5169
41714,27,894,1347,764,6744
28885,8,100,2138,80,1526
28858,84,2884,2138,2406,20390
42982,78,1063,675,824,5622
1575,3,54,3566,52,3029
14162,2,128,2889,105,2462
33050,4,115,1932,90,2565
42326,9,97,1061,75,2754
22259,7,115,2464,100,3586
42493,47,498,913,413,5546
1682,1,58,3542,52,1789
43479,83,1015,258,666,29605
43495,0,41,248,26,1027
34725,162,5175,1867,4383,39109
43682,6,44,137,32,919
28744,288,8780,2144,7579,31376
17937,2,216,2688,198,2811
43607,4,75,177,46,2124
18984,2,73,2642,64,3048
12831,18,550,2991,476,5534
43435,3,46,283,33,1759
6103,6,297,3368,226,4488
42595,42,1365,825,943,7777
39884,20,231,1541,185,4685
43804,5,89,64,70,757
28439,11,317,2163,279,12432
43767,4,60,95,42,1063
43661,7,101,146,90,1390
41045,4,82,1444,69,2762
13554,79,1580,2933,1402,21199
1568,10,202,3567,176,6522
42216,4,80,1162,72,2244
1687,0,37,3542,32,1684
43153,156,2099,491,1562,9427
42439,4,104,967,85,4123
43097,40,446,568,333,3249
41896,44,1134,1312,946,10900
43178,33,296,477,202,3458
42465,2,85,939,54,5943
10015,5,129,3139,109,4208
6746,41,825,3342,748,7813
27082,10,393,2243,303,8447
25351,6,94,2320,83,2321
43152,169,2282,491,1730,12580
42117,291,4454,1274,4009,19086
1442,12,587,3619,500,8100
15626,12,438,2800,387,4562
43164,44,433,485,330,5884
37866,11,230,1670,182,4344
42490,74,1076,922,844,5562
21827,1,42,2488,36,2694
30736,9,118,2042,104,2349
23197,56,978,2419,807,6003
43691,8,50,135,40,1315
28916,598,17089,2137,13670,50345
14689,6,280,2851,238,6398
43667,5,119,143,60,1789
30835,11,151,2037,124,3060
11170,3,353,3078,201,6618
43601,1,16,182,7,1778
43419,8,70,294,51,2394
11140,2,209,3080,194,8823
22862,7,334,2435,295,6859
42190,1114,19213,1195,14340,59619
43017,100,1295,647,941,9020
43037,89,764,628,644,9801
43146,47,486,494,343,4295
8796,5,182,3207,149,2144
6214,32,669,3365,558,13456
43501,19,437,241,299,5523
28311,457,15727,2170,12679,41686
42839,7,96,726,56,2139
39539,7,236,1562,191,6490
1022,3,104,3804,92,3223
27183,72,4581,2236,4034,19355
23606,756,37353,2399,31747,151637
43484,73,947,256,737,7059
7716,15,446,3288,376,5083
33096,10,296,1930,265,6855
1818,20,659,3507,581,8711
43311,470,7713,376,6061,42191
43049,8,36,614,30,1235
43409,19,234,299,205,3464
33146,1,57,1928,47,3290
43423,166,2804,293,2222,12024
43242,6,91,439,69,1913
11151,2,85,3079,74,4503
43886,1,28,13,34,355
43646,17,168,150,151,3347
42669,31,498,798,372,3918
25725,328,5852,2302,4941,26497
42905,22,768,706,559,8475
43618,5,51,166,49,1079
43107,16,924,560,638,5004
43565,27,149,208,138,1096
43498,4,124,244,73,2770
42116,28,230,1275,184,3635
12830,9,246,2991,221,3494
41360,27,348,1399,268,4324
1744,5,189,3526,156,6944
14949,24,628,2834,515,6179
1216,9,159,3743,135,2836
43807,2,31,61,21,867
25278,37,1003,2323,883,7495
42686,26,311,795,217,2054
23890,59,1517,2386,1356,7354
43103,74,1018,562,666,8422
29091,15,195,2127,167,3074
42195,4,75,1189,58,1799
13407,13,236,2946,195,2915
43803,5,36,65,23,417
21252,3,182,2519,149,3304
43141,44,373,500,285,3574
42312,1,79,1078,65,1941
1228,106,2005,3741,1751,14793
6204,4,126,3365,115,2352
43433,19,187,284,144,1899
39965,28,642,1535,517,9879
27948,11,211,2190,173,4756
26561,5,116,2264,104,2013
22675,9,331,2444,304,8798
22002,577,10971,2477,9575,58280
12590,41,907,3005,803,6066
41161,23,358,1430,288,4592
43775,0,13,90,9,745
5304,5,992,3407,433,2170
43430,1,20,288,13,1238
42194,14,305,1189,235,4571
42124,40,571,1271,465,6951
42564,42,642,866,507,5415
39369,530,8893,1571,7091,29761
1445,0,39,3619,30,1921
42990,171,2420,671,2004,23668
1281,5,129,3722,111,3621
6050,25,559,3370,442,5269
35180,11,174,1841,156,4602
43563,10,113,209,85,2465
9495,15,482,3164,444,12570
43385,143,2563,311,2113,17020
42416,32,500,997,398,4795
29461,126,5462,2107,4689,19158
42282,12,179,1100,137,3870
42438,17,244,973,169,5304
1412,0,64,3624,54,3593
43333,7,74,353,53,2142
43171,30,270,480,202,2154
42569,15,138,861,103,3202
1678,1,58,3543,53,1728
43339,154,1928,349,1458,9712
10307,75,1800,3125,1536,23063
1068,17,404,3789,358,7632
7193,2,147,3318,142,5782
42865,1,31,713,29,1797
7650,1,53,3291,43,3074
43317,16,180,373,114,2539
43623,8,47,161,46,1224
18971,1,126,2642,115,2413
28893,61,2634,2137,1794,35433
42933,395,6028,691,5090,35778
1616,9,182,3560,136,5624
16333,0,42,2768,36,2176
28363,7,317,2167,272,5864
26564,6,490,2264,401,7587
6170,20,456,3366,394,9682
16202,286,15138,2775,12523,105555
43407,47,694,300,592,5625
43794,1,35,74,33,703
27198,9,159,2235,131,5763
42396,335,7381,1011,6154,33958
1446,0,65,3615,51,2939
42654,34,405,804,325,11769
40700,21,318,1476,271,6733
34387,22,397,1884,321,10730
43332,38,566,353,447,3936
43510,5,65,235,60,1286
30236,33,563,2070,441,5376
39024,1,51,1593,46,1680
37001,92,1958,1727,1684,26920
20507,22,1222,2564,1031,16419
42384,88,1314,1014,1132,8326
43699,1,51,131,31,1678
14432,6,122,2868,104,3148
42242,7,174,1145,150,1952
1657,18,448,3547,357,6681
27375,3,57,2224,51,1396
42524,70,1042,894,839,10904
24294,25,677,2366,555,6232
1684,0,43,3542,37,1768
985,92,3281,3818,2928,30381
43879,4,44,14,46,901
42233,67,731,1148,571,6361
42939,32,386,685,286,4370
23334,4,102,2412,86,5413
15546,34,1147,2804,917,21851
6858,6,124,3336,103,2790
43715,3,32,123,18,705
32643,23,339,1949,284,3916
39437,9,188,1567,150,3254
6164,23,626,3366,543,8558
42460,15,217,945,160,8914
8716,27,612,3212,448,5006
11194,96,1624,3077,1283,9543
36872,94,1101,1734,970,11092
9748,0,27,3152,24,1487
43248,63,937,434,671,11661
43509,4,49,236,37,1257
8597,3,67,3220,57,3023
43279,5,82,408,53,3786
42583,28,322,829,208,7672
42287,5,116,1098,86,3852
9125,9,131,3189,90,1723
1627,24,459,3557,328,3860
6013,12,305,3371,257,3077
2158,16,1046,3499,665,7205
8844,15,781,3204,471,12490
43867,0,6,28,6,204
43349,3,50,341,43,1120
7519,6,169,3299,140,2306
25560,1,54,2311,50,2272
42677,83,1672,797,993,8045
14215,13,249,2885,225,6322
26039,30,480,2288,405,3916
43605,21,193,178,152,1915
14872,6,205,2838,185,7608
9688,4,205,3154,187,7302
27390,18,289,2223,239,2988
43793,13,99,77,88,2162
18108,25,553,2679,461,5288
42638,2,37,811,17,1785
25264,15,485,2324,387,4211
43121,42,619,526,519,15428
9990,54,1794,3140,1643,15005
1517,11,346,3583,329,7570
27307,28,441,2229,360,5128
8666,13,1497,3215,648,3327
42510,3,42,902,31,2293
40438,7,182,1499,153,3618
26553,2,99,2265,86,2444
25147,150,3009,2328,2559,21418
29206,108,1823,2121,1550,10307
40196,132,5085,1521,4255,46633
34530,2,126,1877,113,2643
42188,34,535,1197,420,13829
42331,3,97,1054,75,2714
1639,4,92,3553,78,1878
20701,4,68,2554,62,1785
42434,6,213,978,166,20438
42921,145,2018,703,1605,12693
42106,26,813,1279,587,8050
6060,11,5957,3370,2447,6563
6125,6,258,3368,213,6008
36700,29,518,1746,421,4507
15259,17,262,2817,225,5122
27062,2,340,2244,282,3749
38080,10,244,1657,213,4445
15445,1,102,2809,88,1864
2082,4,165,3500,141,5170
23923,10,176,2384,148,3893
43236,18,176,407,121,1643
43076,50,732,592,497,9006
43257,16,93,427,63,1613
43084,21,147,583,105,2464
42748,4,123,776,82,1767
43593,12,109,185,86,1756
23408,2,108,2408,94,7010
1437,0,61,3620,54,2708
42468,26,384,935,320,2780
42830,62,873,729,630,7993
37976,12,329,1663,276,7075
42095,4,132,1281,119,3027
42987,66,810,675,632,5612
7204,3,129,3317,109,3035
43513,5,58,233,41,1216
4337,19,856,3451,642,6268
43434,4,129,283,85,2122
5592,152,3123,3393,2674,59558
19604,1038,27636,2613,21032,208892
40448,313,8685,1498,7352,70913
1676,2,50,3543,38,1643
43290,11,121,403,99,3159
42328,5,148,1058,123,3495
27314,170,2605,2229,2127,23108
43538,3,54,222,33,873
11082,1,55,3084,43,2180
34278,314,6731,1889,5369,45803
37058,6,67,1723,58,3569
42799,551,7865,740,6346,43864
42371,37,680,1020,521,8001
39350,961,18404,1572,12324,59166
43130,158,2432,514,1726,17440
28729,192,3792,2145,3200,13886
29407,4,328,2111,279,4469
20500,18,599,2565,520,6991
12639,5,137,3002,125,3819
43073,116,1499,593,1313,11640
7145,7,312,3320,280,5239
14435,1572,154159,2868,121625,301635
43721,1,21,121,17,444
42741,16,178,782,125,5001
43458,3,81,278,63,1197
41589,1280,27662,1366,21895,164033
42412,449,10323,1001,8384,36646
19942,71,1649,2594,1448,7836
1735,4,126,3529,108,3514
43324,4,25,365,20,1149
969,27,767,3824,690,9142
1477,2,90,3594,66,2462
1098,3,143,3779,131,5801
38894,14,221,1601,183,3256
21422,46,1326,2511,1143,22593
7096,14,295,3323,268,18195
43359,27,238,333,174,2675
43600,2,84,182,57,1192
18082,9,279,2679,233,5493
23653,4,114,2396,99,3897
41789,41,582,1331,509,7312
9425,6,436,3169,392,9704
42762,66,873,763,712,9160
22281,6,176,2463,146,4548
21981,105,3056,2478,2618,13666
42081,0,92,1281,66,11734
43292,4,151,398,92,2309
19934,2,96,2595,87,2353
42798,63,503,743,439,6054
42309,103,1963,1081,1675,15377
1336,6,188,3695,161,4463
39406,25,431,1569,361,5379
43143,87,775,498,599,10146
10741,9,336,3101,277,5379
42174,20,364,1212,295,3426
42827,5,217,729,115,2891
1422,256,5851,3621,4940,49400
40199,228,4289,1521,3564,19918
43881,0,8,14,7,149
9506,6,160,3164,133,2080
1724,4,76,3533,57,2856
43318,135,1457,372,1133,9984
17888,136,2375,2690,1911,17117
41307,75,1046,1407,861,8520
19657,25,485,2610,426,4946
6149,1,89,3367,77,3435
43525,4,41,230,39,1241
6046,13,183,3370,165,2734
42185,1,45,1201,34,2180
43819,7,45,55,45,1529
24238,20,460,2370,396,4260
42723,17,681,774,428,8189
43514,1,13,233,9,874
34290,7,203,1888,175,3242
35237,52,755,1838,630,7822
40885,31,388,1458,325,7602
27549,3,167,2213,146,3168
42995,21,288,664,208,3827
27265,12,390,2231,326,4155
21885,25,589,2484,517,5176
30049,29,654,2080,547,9049
14924,6,102,2835,82,2901
39659,6,77,1555,59,2421
6205,20,407,3365,361,5965
40500,4,138,1493,119,2694
23676,186,3805,2395,2755,27220
42664,100,1033,801,734,8214
18447,1,82,2664,73,3868
42756,1,50,771,36,3983
43799,14,235,68,206,2313
42812,44,345,736,287,8369
43685,7,81,136,75,1582
43488,94,935,252,736,5869
29281,27,369,2118,318,7102
27696,23,905,2205,774,8933
42536,4,101,885,79,3511
43597,3,29,183,27,1104
43779,18,217,88,200,4670
1413,5,192,3623,176,8713
43249,26,312,434,262,5109
3909,62,990,3466,840,12546
43405,12,169,301,113,2106
39430,7,88,1568,71,7271
31051,1042,32201,2029,26547,111717
4711,3,128,3437,98,2368
1289,3,113,3718,99,4456
24347,34,684,2364,587,8033
31429,16,221,2009,175,3662
29684,19,509,2097,417,8424
31571,23,207,2001,188,4986
42207,39,867,1176,664,12517
1013,0,7,3809,6,1890
39343,3,230,1572,200,2946
27816,12,566,2198,471,5327
42125,295,5246,1271,4157,44755
6312,34,802,3360,691,10931
43541,57,816,221,663,3565
3941,4,347,3466,310,8442
43462,16,186,272,118,3205
4388,4,367,3450,202,6359
43581,2,86,194,56,1924
38235,12,218,1646,203,5869
43531,4,81,226,51,1365
949,41,616,3830,529,5964
1677,0,51,3543,42,2024
42263,1,63,1115,42,2247
43502,31,235,241,213,2674
4009,35,849,3463,678,6815
42197,4,42,1186,37,3074
43239,10,189,440,149,3539
43147,15,541,494,365,5667
42382,6,106,1015,84,5077
43110,460,5519,554,4573,29606
34184,11,155,1892,132,3511
42986,63,770,675,637,5926
10860,9,724,3095,433,7220
955,11,14093,3828,4516,8342
9046,9,367,3194,184,2374
21418,17,503,2511,420,4233
1031,10,292,3800,205,10484
43276,7,108,410,72,1971
43095,31,463,575,304,4557
34244,18,146,1890,122,4427
41803,32,517,1329,468,10074
43306,15,471,381,317,6038
6190,10,176,3365,158,4303
10415,45,1116,3120,936,16894
21935,9,195,2482,167,6507
43408,9,141,299,99,3398
14947,58,1945,2834,1666,29770
23745,17,254,2392,219,4888
43549,0,42,218,26,767
43672,5,50,140,18,919
8648,1,67,3217,58,2213
43656,2,101,107,82,1554
15485,2,208,2808,171,5964
1135,54,1394,3772,1152,15815
42379,29,558,1016,459,3649
13608,11,432,2930,362,11207
1213,5,251,3743,232,4619
40521,9,133,1492,109,3659
43843,2,16,29,11,414
42836,38,385,726,336,5965
41588,55,721,1367,568,14221
41046,5,168,1444,128,3249
43663,0,57,144,26,1077
42706,12,237,789,145,5170
5185,2,67,3413,58,7101
43399,76,938,301,727,8515
8620,9,389,3218,342,5660
36599,6,237,1751,191,3159
27479,296,4868,2218,3770,17215
3875,955,27134,3467,16744,110782
22443,10,281,2456,228,7424
42332,120,3008,1053,1992,25264
1498,14,240,3592,208,5515
1718,1,49,3534,43,3881
41658,498,7203,1356,6066,33002
6749,147,3855,3342,3368,13681
43128,364,5237,515,4387,19920
42422,3,35,992,22,1276
34846,97,1753,1859,1443,14646
43621,1,23,163,17,655
4531,1,14,3445,7,963
22899,27,724,2432,637,9208
32675,32,1103,1948,891,9681
42388,14,193,1013,152,5651
26654,18,407,2261,347,3029
42132,12,314,1264,273,4581
42126,345,7530,1271,5579,24793
43343,5,77,347,55,1787
42498,11,204,908,161,2528
42555,379,5778,876,4798,24507
43739,1,36,113,21,665
1702,1,40,3541,37,1751
4788,4,215,3434,120,2141
22029,63,978,2475,796,7880
42277,38,535,1103,360,5451
42455,11,89,951,71,2366
1658,61,1063,3547,916,7444
1557,9,89,3569,72,2166
1618,6,151,3559,134,5215
43420,129,2097,293,1676,9845
1116,13,375,3774,331,6933
29965,31,509,2083,460,4152
39139,23,427,1586,334,5115
40161,16,242,1523,201,7247
42306,91,5097,1083,3819,14773
1670,40,855,3544,722,15664
42253,4,66,1138,50,2492
993,13,368,3815,316,11105
1083,3,83,3784,69,2720
42930,3,134,693,101,2664
20557,53,3569,2562,2600,21753
43220,11,106,448,79,1688
25680,1,71,2304,61,1428
23233,61,978,2417,801,6344
30831,105,1569,2038,1193,9450
18016,163,2691,2682,2193,17193
22601,68,976,2447,817,7363
42102,16,216,1279,182,2655
42509,2054,39974,903,33197,209604
42489,17,215,923,182,3239
42903,95,4982,710,2077,43149
43595,10,120,184,101,1917
20882,27,413,2542,311,5029
42488,4,90,923,59,3912
21875,181,3545,2485,2907,26649
14971,12,293,2833,265,4353
8890,3,100,3202,91,7108
1624,4,213,3558,168,5292
43778,1,22,89,19,678
37672,25,473,1685,407,6384
35400,357,6022,1830,4963,23304
43743,2,49,111,42,752
41737,447,7405,1342,6202,49308
20886,2,116,2542,102,2641
42372,35,394,1019,357,7814
1103,14,322,3778,295,7164
38823,2,104,1605,85,2548
26530,47,1492,2266,1278,19810
43228,0,0,446,0,1246
585,6,112,4339,92,8342
43871,1,28,23,17,758
984,2,101,3818,91,3097
40523,0,229,1492,190,4745
34288,8,207,1888,173,2881
20602,1,33,2560,30,2582
42853,480,6356,718,4936,31951
42525,6,105,894,74,2851
21884,50,1497,2484,1353,6695
29464,585,17558,2107,14022,45875
42476,2,60,928,47,3207
42131,21,322,1265,255,4259
21116,1,54,2529,52,1749
43823,2,25,53,16,682
43020,1,45,644,29,2172
1527,3,86,3579,75,2020
1671,279,5781,3544,4764,51938
1242,0,53,3735,44,2846
3915,99,2172,3466,1693,19414
1530,17,453,3578,293,5317
43449,32,281,278,237,3884
1209,53,965,3743,888,16507
42519,3,73,895,61,3033
3476,1,62,3476,47,1618
6686,10,333,3344,269,5384
8738,50,1118,3211,990,15334
42320,11,244,1069,184,3695
43442,21,400,280,332,2756
43436,7,100,283,77,2853
6684,26,450,3344,410,10550
13582,7,132,2932,110,2658
10411,11,1606,3121,919,11047
15444,8,198,2809,174,4471
43572,3,139,203,104,1643
32509,43,833,1955,696,6404
42151,9,337,1233,279,5794
20116,13,327,2585,277,4221
42143,9,133,1244,113,3492
32886,503,13974,1939,11312,47230
27304,177,3701,2229,3167,20882
43193,59,801,470,585,13799
6333,5,116,3359,102,2394
27157,1,47,2238,45,3975
7974,9,123,3264,110,2499
14955,219,4164,2833,3313,23198
16090,27,971,2779,875,15389
43555,66,661,213,492,5055
1549,27,535,3571,489,16575
37860,30,441,1671,360,4383
8443,2,63,3230,51,1910
39573,3,126,1559,113,4395
41191,0,15,1426,13,1031
42566,66,689,864,497,9384
43188,14,144,475,99,1915
43016,56,1204,648,992,11029
25468,100,4568,2315,3928,21105
30810,8,138,2038,111,3578
42656,139,1882,803,1493,10313
42153,63,1024,1230,814,13006
43044,8,167,621,112,3595
43878,0,14,15,14,802
35481,46,725,1825,616,17835
43768,62,1324,95,1138,5839
43275,98,1365,411,1047,11412
42428,10,176,982,131,3875
6497,9,112,3352,101,2841
22969,284,6904,2429,5706,30719
43351,0,0,340,0,1940
37921,4,68,1666,56,2477
43633,33,335,158,267,4428
43827,0,37,51,27,541
39940,30,582,1537,506,4477
26883,0,51,2250,45,2920
1063,50,1054,3791,931,13096
21725,134,2429,2493,2085,8853
1356,15,8314,3681,4028,5169
42985,84,1106,675,842,5755
1574,24,624,3566,539,8692
8525,1,93,3224,87,1883
33982,94,2082,1898,1409,12261
43659,5,75,147,59,934
39067,10,143,1590,122,3581
1454,24,678,3603,474,6296
41222,26,287,1421,250,7388
11174,11,268,3078,247,6430
1669,5,132,3544,114,6904
43055,50,550,607,387,3697
43013,9,162,651,142,2035
34418,117,1381,1882,1211,12162
25515,18,659,2313,579,5589
43330,36,1360,355,1110,5566
42462,37,685,940,497,9719
7919,8,587,3269,378,3395
42996,61,643,664,476,3957
43839,5,91,43,73,1237
1421,106,2738,3621,2440,19487
23770,6,117,2391,105,3627
30424,37,472,2058,381,7273
43131,141,1326,513,1145,12067
34412,10,188,1882,170,3636
33919,12,383,1900,329,5906
6009,9,312,3371,261,4071
42387,6,94,1013,72,2912
4684,3,438,3439,315,3698
39890,41,1012,1540,864,16097
22610,0,71,2447,59,2478
1091,19,386,3783,300,5010
42512,40,485,901,389,4925
12961,25,818,2983,736,10151
42508,18,276,904,234,4554
1509,3,95,3589,77,5258
31894,1,43,1985,38,2571
12273,3,133,3022,111,2655
43222,35,389,448,327,2907
23335,368,6305,2412,5040,26368
42299,30,349,1086,272,5479
6169,16,480,3366,432,7254
42064,2,134,1285,113,3255
1081,7,223,3784,205,8622
574,4,234,4290,194,7291
1051,5,116,3792,102,3319
26487,9,162,2268,140,3646
36869,14,230,1735,200,4360
18440,12,491,2664,437,8707
42292,39,647,1093,482,5020
42693,236,3834,794,3255,28382
25851,191,5100,2297,4430,41824
1662,7,182,3546,164,4048
42855,202,1925,717,1579,17927
43070,37,436,598,368,5140
42592,18,242,825,175,5412
42279,12,128,1102,94,3141
43102,2,92,562,52,3433
43888,2,36,13,43,520
26870,130,1985,2250,1650,16643
43652,4,69,116,57,1270
40734,29,381,1473,281,6562
15452,4,170,2809,149,2163
1778,6,112,3514,100,3161
42514,4,91,898,65,5354
15877,1,143,2790,106,3221
37242,1,59,1712,45,2160
43031,86,1269,633,827,8816
8074,3,263,3253,234,3543
3620,51,1188,3473,1037,15440
43586,10,125,189,88,1868
43112,85,1013,548,890,9851
34489,3,122,1879,112,4951
3596,10,1515,3474,649,3276
1556,1,90,3569,78,4485
31656,47,914,1996,780,6461
6015,4,99,3371,75,2279
43583,2,59,192,40,1207
14679,1,84,2851,74,3055
9791,4,356,3149,205,5649
43151,61,642,492,450,7250
42430,64,837,980,595,7993
42929,7,86,695,77,2052
6212,81,2133,3365,1711,18939
43818,9,100,57,81,2091
43543,23,261,220,174,3566
1648,8,293,3550,195,4072
33916,38,941,1900,792,9909
1456,9,9097,3602,4443,3338
43722,1,41,121,19,959
41833,3,87,1322,79,2747
13877,20,1100,2909,962,8076
42636,45,619,811,481,6613
42201,7,141,1182,104,7821
10192,7,323,3130,204,4182
42515,5,136,898,107,3834
40060,56,922,1529,701,5586
43588,11,244,188,233,2515
961,16,443,3827,370,8181
42267,564,8927,1112,7092,65577
43852,2,136,35,81,991
1655,4,10312,3548,3412,2278
42083,4,103,1281,94,5538
42236,12,190,1148,157,3285
26325,27,1161,2276,1020,10279
41622,1258,34864,1361,28542,160711
42526,778,19393,892,15540,103480
26733,6,86,2257,69,1715
43307,1,24,381,19,1071
42255,52,923,1135,748,12297
43268,59,601,418,504,5576
43186,14,166,475,120,2005
8718,39,1017,3212,707,11142
23065,37,717,2425,513,8910
6038,48,1176,3370,1052,13813
42193,17,263,1189,229,4299
7662,66,2108,3291,1511,10563
43258,6,41,426,27,2408
43567,4,26,208,23,1061
5755,10,2084,3384,1150,6699
43855,0,11,35,8,344
30660,0,71,2045,61,2748
14467,3,239,2866,141,4568
37000,17,278,1727,248,5345
34422,5,166,1882,144,7229
37737,9,206,1680,186,4673
43475,6,446,260,194,4673
37821,8,189,1673,163,3281
8003,2,89,3261,80,2616
1046,10,206,3793,188,10688
43198,2,65,465,39,2787
42179,54,779,1207,507,7068
15987,33,498,2785,415,4206
43599,2,39,182,33,930
35114,7,236,1845,203,8728
43662,5,40,144,30,923
36810,37,590,1739,469,6088
43045,99,1461,620,1060,9622
42390,8,105,1013,86,2979
5155,57,2302,3415,1450,11878
43368,17,290,327,189,3098
43401,9,117,301,96,2156
42871,47,493,712,374,4781
43890,0,3,13,3,444
1379,1,74,3654,59,6258
28599,5,235,2152,211,5569
43136,22,213,510,160,4231
4386,2,261,3450,202,3611
21164,24,515,2524,434,5476
6860,5,153,3336,134,3916
43206,44,228,459,197,2377
43702,3,35,130,28,866
6673,12,2095,3345,963,2572
42534,1,72,886,39,2081
32606,14,110,1951,95,1767
14399,25,585,2870,490,8380
43309,18,290,380,211,4676
42760,12,225,764,171,3166
37947,233,6637,1665,5803,28437
42652,49,475,805,367,5165
1218,1,77,3743,64,3717
1723,21,331,3533,286,6100
42571,31,520,855,450,7993
42226,4694,84479,1153,63494,302347
42441,4,94,966,65,3304
30958,38,476,2033,371,6355
43730,15,184,117,138,2561
43719,6,25,122,16,726
43304,6,97,387,69,2604
42632,7,62,814,47,1770
14891,363,8419,2837,5880,29009
42177,88,1996,1210,1455,19781
43521,2,67,230,45,963
42121,8,315,1272,286,3541
43416,200,3719,295,2953,16513
35483,16,498,1824,437,12569
42485,3,35,924,29,1116
42163,6,110,1220,97,3544
1279,2,138,3722,97,8789
16979,2,131,2735,111,4510
41280,18,492,1411,413,9196
7555,57,1680,3297,1246,16179
43282,39,440,407,325,3835
43736,1,13,114,10,432
30632,3,114,2047,104,4351
42104,4,105,1279,86,3905
6039,63,1109,3370,954,11289
1688,1,38,3542,35,1752
42891,6,52,712,43,1957
21669,26,665,2496,574,7786
1032,7,153,3800,135,3676
42552,5,44,878,37,1947
28175,17,320,2178,291,4165
42206,8,126,1176,92,3015
22189,71,1604,2468,1424,16034
19510,10179,268100,2617,199165,1041801
43467,1,31,268,14,1164
31077,8,273,2027,244,6749
42628,3,72,816,57,1220
38464,19,384,1629,301,6266
6016,4,105,3371,89,6230
9967,358,17247,3141,13876,42406
32210,174,3401,1968,2943,15273
4636,5,249,3440,209,3689
43438,10,52,281,41,828
8479,55,2657,3227,1536,10694
43361,13,203,333,111,2785
22263,9,425,2464,375,6846
43496,29,281,247,217,4433
42450,113,1916,954,1685,13252
26573,0,123,2264,107,2596
26306,16,477,2276,409,7767
43649,11,205,107,174,2754
43533,4,58,224,45,729
43023,100,983,639,820,8717
43030,464,7102,633,6047,33178
43140,387,11506,500,8535,23795
6167,7,395,3366,356,9957
1280,1,79,3722,64,3155
38423,351,9080,1632,7550,25963
29555,71,1868,2103,1565,15516
43785,2,53,84,39,1513
43205,27,345,459,234,3196
27800,14,489,2198,417,9911
42703,53,676,790,486,5110
1635,6,385,3555,301,6217
7817,2,69,3280,62,4155
35796,0,43,1800,35,1986
1695,8,205,3541,170,4449
6537,7,164,3350,130,2690
43126,6,118,519,72,1795
43003,104,1356,660,1087,7299
15054,9,157,2827,136,2673
1034,6,114,3799,104,4033
43226,23,219,447,157,3994
6980,13,300,3329,269,5036
43522,7,259,230,187,4100
37512,26,654,1695,566,6049
42492,47,538,914,408,10821
9227,47,1616,3182,1168,12094
43316,130,1363,374,1103,12573
43221,19,195,448,172,3873
24561,82,1151,2354,990,10032
1645,4,142,3551,120,3128
42932,35,341,693,288,8203
6143,30,977,3367,870,14490
37570,28,356,1691,277,5667
7127,15,229,3321,183,2558
38444,17,417,1631,349,8223
1470,5,119,3595,109,2878
4930,18,337,3427,291,3876
37509,12,279,1695,230,3996
21255,8,279,2519,230,3893
43047,2,10,616,8,1382
7272,15,1052,3314,418,3479
33468,24,418,1916,373,4566
42417,324,4448,997,3567,25733
6052,6,86,3370,70,2018
36948,131,2767,1730,2243,16443
43100,334,3409,564,2761,13695
42249,220,5154,1140,4161,36912
28887,19,878,2138,673,9403
13198,29,1102,2960,892,9953
43883,1,27,13,31,264
43645,4,39,152,24,1010
29341,269,6121,2113,5233,26849
43714,7,72,123,40,1379
3653,9,233,3473,202,5319
42247,40,503,1141,429,6789
43211,52,578,457,439,3078
34522,37,673,1877,525,6126
43364,21,415,330,264,4010
27764,7,185,2201,172,3292
42399,2729,45388,1009,37074,212273
43762,135,1921,98,1642,11227
43503,5,54,240,36,1897
41771,19,449,1335,368,8734
37804,9,311,1675,263,4494
42364,12,437,1021,311,6859
24376,131,4109,2363,3561,25129
34074,10,168,1895,136,4357
25386,31,583,2318,539,4572
42334,12,200,1052,138,5152
42851,121,1673,719,1347,8904
23147,6,137,2421,111,3087
43354,2,49,336,36,1418
26077,1,95,2287,89,2379
12956,91,2788,2983,2293,21174
42979,251,5797,676,4480,31061
1730,9,209,3531,189,6166
14194,2,167,2886,146,6014
1267,11,270,3725,240,7338
42513,11,207,898,170,2993
43018,27,307,647,181,3209
25299,45,1065,2322,927,11856
1419,127,3317,3621,2925,21427
1542,68,1320,3572,1169,18272
42931,15,454,693,332,5529
6030,6,91,3371,78,2168
6121,5,89,3368,77,2216
43179,19,223,477,169,1540
1727,4,176,3532,144,6575
42437,89,1931,974,1526,16599
40529,22,339,1491,273,4491
42938,12,137,686,88,2097
34029,7,184,1896,153,2768
6011,8,286,3371,238,2726
23746,3262,90388,2392,66835,284477
38558,81,2498,1622,2187,9898
10272,21,1312,3127,717,4374
42908,11,164,706,114,2221
39748,10,181,1550,159,3933
22373,35,792,2459,664,7359
43432,4,68,287,42,1793
37861,4,222,1671,194,3531
43754,4,42,107,35,886
43669,3,46,142,33,935